timestamp,object,message
2026-07-21T13:17:40.694Z,Vritti,Collecting newsapi-python==0.2.7 (from -r requirements.txt (line 2))
2026-07-21T13:17:40.694Z,Vritti,Collecting newsapi-python==0.2.7 (from -r requirements.txt (line 2))
2026-07-21T13:17:40.816Z,Vritti,Downloading newsapi_python-0.2.7-py2.py3-none-any.whl.metadata (1.2 kB)
2026-07-21T13:17:40.816Z,Vritti,Downloading newsapi_python-0.2.7-py2.py3-none-any.whl.metadata (1.2 kB)
2026-07-21T13:17:41.214Z,Vritti,Collecting massive==2.8.0 (from -r requirements.txt (line 3))
2026-07-21T13:17:41.214Z,Vritti,Collecting massive==2.8.0 (from -r requirements.txt (line 3))
2026-07-21T13:17:41.453Z,Vritti,Downloading massive-2.8.0-py3-none-any.whl.metadata (974 bytes)
2026-07-21T13:17:41.453Z,Vritti,Downloading massive-2.8.0-py3-none-any.whl.metadata (974 bytes)
2026-07-21T13:17:42.235Z,Vritti,Collecting aiohttp==3.9.5 (from -r requirements.txt (line 4))
2026-07-21T13:17:42.235Z,Vritti,Collecting aiohttp==3.9.5 (from -r requirements.txt (line 4))
2026-07-21T13:17:42.261Z,Vritti,Downloading aiohttp-3.9.5-cp311-cp311-manylinux_2_17_x86_64.manylinux2014_x86_64.whl.metadata (7.5 kB)
2026-07-21T13:17:42.261Z,Vritti,Downloading aiohttp-3.9.5-cp311-cp311-manylinux_2_17_x86_64.manylinux2014_x86_64.whl.metadata (7.5 kB)
2026-07-21T13:17:42.290Z,Vritti,Collecting schedule==1.2.2 (from -r requirements.txt (line 5))
2026-07-21T13:17:42.290Z,Vritti,Collecting schedule==1.2.2 (from -r requirements.txt (line 5))
2026-07-21T13:17:42.312Z,Vritti,Downloading schedule-1.2.2-py3-none-any.whl.metadata (3.8 kB)
2026-07-21T13:17:42.312Z,Vritti,Downloading schedule-1.2.2-py3-none-any.whl.metadata (3.8 kB)
2026-07-21T13:17:42.407Z,Vritti,Collecting transformers==4.41.2 (from -r requirements.txt (line 8))
2026-07-21T13:17:42.407Z,Vritti,Collecting transformers==4.41.2 (from -r requirements.txt (line 8))
2026-07-21T13:17:42.438Z,Vritti,Downloading transformers-4.41.2-py3-none-any.whl.metadata (43 kB)
2026-07-21T13:17:42.438Z,Vritti,Downloading transformers-4.41.2-py3-none-any.whl.metadata (43 kB)
2026-07-21T13:17:42.446Z,Vritti,━━━━━━━━━━━━━━━━━━━━━━━━━━━━━━━━━━━━━━━━ 43.8/43.8 kB 14.1 MB/s eta 0:00:00
2026-07-21T13:17:42.446Z,Vritti,
2026-07-21T13:17:42.446Z,Vritti,━━━━━━━━━━━━━━━━━━━━━━━━━━━━━━━━━━━━━━━━ 43.8/43.8 kB 14.1 MB/s eta 0:00:00
2026-07-21T13:17:42.446Z,Vritti,
2026-07-21T13:17:42.554Z,Vritti,Collecting torch==2.7.1 (from -r requirements.txt (line 9))
2026-07-21T13:17:42.554Z,Vritti,Collecting torch==2.7.1 (from -r requirements.txt (line 9))
2026-07-21T13:17:42.576Z,Vritti,Downloading torch-2.7.1-cp311-cp311-manylinux_2_28_x86_64.whl.metadata (29 kB)
2026-07-21T13:17:42.576Z,Vritti,Downloading torch-2.7.1-cp311-cp311-manylinux_2_28_x86_64.whl.metadata (29 kB)
2026-07-21T13:17:42.810Z,Vritti,Collecting pandas==2.2.2 (from -r requirements.txt (line 14))
2026-07-21T13:17:42.810Z,Vritti,Collecting pandas==2.2.2 (from -r requirements.txt (line 14))
2026-07-21T13:17:42.845Z,Vritti,Downloading pandas-2.2.2-cp311-cp311-manylinux_2_17_x86_64.manylinux2014_x86_64.whl.metadata (19 kB)
2026-07-21T13:17:42.845Z,Vritti,Downloading pandas-2.2.2-cp311-cp311-manylinux_2_17_x86_64.manylinux2014_x86_64.whl.metadata (19 kB)
2026-07-21T13:17:43.198Z,Vritti,Collecting numpy==1.26.4 (from -r requirements.txt (line 15))
2026-07-21T13:17:43.198Z,Vritti,Collecting numpy==1.26.4 (from -r requirements.txt (line 15))
2026-07-21T13:17:43.228Z,Vritti,Downloading numpy-1.26.4-cp311-cp311-manylinux_2_17_x86_64.manylinux2014_x86_64.whl.metadata (61 kB)
2026-07-21T13:17:43.228Z,Vritti,Downloading numpy-1.26.4-cp311-cp311-manylinux_2_17_x86_64.manylinux2014_x86_64.whl.metadata (61 kB)
2026-07-21T13:17:43.236Z,Vritti,━━━━━━━━━━━━━━━━━━━━━━━━━━━━━━━━━━━━━━━━ 61.0/61.0 kB 18.8 MB/s eta 0:00:00
2026-07-21T13:17:43.236Z,Vritti,━━━━━━━━━━━━━━━━━━━━━━━━━━━━━━━━━━━━━━━━ 61.0/61.0 kB 18.8 MB/s eta 0:00:00
2026-07-21T13:17:43.237Z,Vritti,
2026-07-21T13:17:43.237Z,Vritti,
2026-07-21T13:17:43.435Z,Vritti,Collecting scipy==1.13.1 (from -r requirements.txt (line 16))
2026-07-21T13:17:43.435Z,Vritti,Collecting scipy==1.13.1 (from -r requirements.txt (line 16))
2026-07-21T13:17:43.462Z,Vritti,Downloading scipy-1.13.1-cp311-cp311-manylinux_2_17_x86_64.manylinux2014_x86_64.whl.metadata (60 kB)
2026-07-21T13:17:43.462Z,Vritti,Downloading scipy-1.13.1-cp311-cp311-manylinux_2_17_x86_64.manylinux2014_x86_64.whl.metadata (60 kB)
2026-07-21T13:17:43.468Z,Vritti,━━━━━━━━━━━━━━━━━━━━━━━━━━━━━━━━━━━━━━━━ 60.6/60.6 kB 18.3 MB/s eta 0:00:00
2026-07-21T13:17:43.468Z,Vritti,━━━━━━━━━━━━━━━━━━━━━━━━━━━━━━━━━━━━━━━━ 60.6/60.6 kB 18.3 MB/s eta 0:00:00
2026-07-21T13:17:43.684Z,Vritti,Collecting scikit-learn==1.5.0 (from -r requirements.txt (line 17))
2026-07-21T13:17:43.684Z,Vritti,Collecting scikit-learn==1.5.0 (from -r requirements.txt (line 17))
2026-07-21T13:17:43.701Z,Vritti,Downloading scikit_learn-1.5.0-cp311-cp311-manylinux_2_17_x86_64.manylinux2014_x86_64.whl.metadata (11 kB)
2026-07-21T13:17:43.701Z,Vritti,Downloading scikit_learn-1.5.0-cp311-cp311-manylinux_2_17_x86_64.manylinux2014_x86_64.whl.metadata (11 kB)
2026-07-21T13:17:44.184Z,Vritti,Collecting sqlalchemy==2.0.30 (from -r requirements.txt (line 20))
2026-07-21T13:17:44.184Z,Vritti,Collecting sqlalchemy==2.0.30 (from -r requirements.txt (line 20))
2026-07-21T13:17:44.205Z,Vritti,Downloading SQLAlchemy-2.0.30-cp311-cp311-manylinux_2_17_x86_64.manylinux2014_x86_64.whl.metadata (9.6 kB)
2026-07-21T13:17:44.205Z,Vritti,Downloading SQLAlchemy-2.0.30-cp311-cp311-manylinux_2_17_x86_64.manylinux2014_x86_64.whl.metadata (9.6 kB)
2026-07-21T13:17:44.328Z,Vritti,Collecting psycopg2-binary==2.9.9 (from -r requirements.txt (line 21))
2026-07-21T13:17:44.328Z,Vritti,Collecting psycopg2-binary==2.9.9 (from -r requirements.txt (line 21))
2026-07-21T13:17:44.348Z,Vritti,Downloading psycopg2_binary-2.9.9-cp311-cp311-manylinux_2_17_x86_64.manylinux2014_x86_64.whl.metadata (4.4 kB)
2026-07-21T13:17:44.348Z,Vritti,Downloading psycopg2_binary-2.9.9-cp311-cp311-manylinux_2_17_x86_64.manylinux2014_x86_64.whl.metadata (4.4 kB)
2026-07-21T13:17:44.423Z,Vritti,Collecting asyncpg==0.29.0 (from -r requirements.txt (line 22))
2026-07-21T13:17:44.423Z,Vritti,Collecting asyncpg==0.29.0 (from -r requirements.txt (line 22))
2026-07-21T13:17:44.437Z,Vritti,Downloading asyncpg-0.29.0-cp311-cp311-manylinux_2_17_x86_64.manylinux2014_x86_64.whl.metadata (4.4 kB)
2026-07-21T13:17:44.437Z,Vritti,Downloading asyncpg-0.29.0-cp311-cp311-manylinux_2_17_x86_64.manylinux2014_x86_64.whl.metadata (4.4 kB)
2026-07-21T13:17:44.644Z,Vritti,Collecting fastapi==0.111.0 (from -r requirements.txt (line 25))
2026-07-21T13:17:44.644Z,Vritti,Collecting fastapi==0.111.0 (from -r requirements.txt (line 25))
2026-07-21T13:17:44.667Z,Vritti,Downloading fastapi-0.111.0-py3-none-any.whl.metadata (25 kB)
2026-07-21T13:17:44.667Z,Vritti,Downloading fastapi-0.111.0-py3-none-any.whl.metadata (25 kB)
2026-07-21T13:17:44.738Z,Vritti,Collecting uvicorn==0.30.1 (from uvicorn[standard]==0.30.1->-r requirements.txt (line 26))
2026-07-21T13:17:44.738Z,Vritti,Collecting uvicorn==0.30.1 (from uvicorn[standard]==0.30.1->-r requirements.txt (line 26))
2026-07-21T13:17:44.755Z,Vritti,Downloading uvicorn-0.30.1-py3-none-any.whl.metadata (6.3 kB)
2026-07-21T13:17:44.755Z,Vritti,Downloading uvicorn-0.30.1-py3-none-any.whl.metadata (6.3 kB)
2026-07-21T13:17:44.947Z,Vritti,Collecting pydantic==2.7.4 (from -r requirements.txt (line 27))
2026-07-21T13:17:44.947Z,Vritti,Collecting pydantic==2.7.4 (from -r requirements.txt (line 27))
2026-07-21T13:17:44.966Z,Vritti,Downloading pydantic-2.7.4-py3-none-any.whl.metadata (109 kB)
2026-07-21T13:17:44.966Z,Vritti,Downloading pydantic-2.7.4-py3-none-any.whl.metadata (109 kB)
2026-07-21T13:17:44.987Z,Vritti,━━━━━━━━━━━━━━━━━━━━━━━━━━━━━━━━━━━━━━━ 109.4/109.4 kB 7.7 MB/s eta 0:00:00
2026-07-21T13:17:44.987Z,Vritti,━━━━━━━━━━━━━━━━━━━━━━━━━━━━━━━━━━━━━━━ 109.4/109.4 kB 7.7 MB/s eta 0:00:00
2026-07-21T13:17:45.051Z,Vritti,Collecting httpx==0.27.0 (from -r requirements.txt (line 28))
2026-07-21T13:17:45.051Z,Vritti,Collecting httpx==0.27.0 (from -r requirements.txt (line 28))
2026-07-21T13:17:45.068Z,Vritti,Downloading httpx-0.27.0-py3-none-any.whl.metadata (7.2 kB)
2026-07-21T13:17:45.068Z,Vritti,Downloading httpx-0.27.0-py3-none-any.whl.metadata (7.2 kB)
2026-07-21T13:17:45.183Z,Vritti,Collecting streamlit==1.35.0 (from -r requirements.txt (line 31))
2026-07-21T13:17:45.183Z,Vritti,Collecting streamlit==1.35.0 (from -r requirements.txt (line 31))
2026-07-21T13:17:45.199Z,Vritti,Downloading streamlit-1.35.0-py2.py3-none-any.whl.metadata (8.5 kB)
2026-07-21T13:17:45.199Z,Vritti,Downloading streamlit-1.35.0-py2.py3-none-any.whl.metadata (8.5 kB)
2026-07-21T13:17:45.269Z,Vritti,Collecting plotly==5.22.0 (from -r requirements.txt (line 32))
2026-07-21T13:17:45.269Z,Vritti,Collecting plotly==5.22.0 (from -r requirements.txt (line 32))
2026-07-21T13:17:45.287Z,Vritti,Downloading plotly-5.22.0-py3-none-any.whl.metadata (7.1 kB)
2026-07-21T13:17:45.287Z,Vritti,Downloading plotly-5.22.0-py3-none-any.whl.metadata (7.1 kB)
2026-07-21T13:17:45.378Z,Vritti,Collecting pytest==8.2.2 (from -r requirements.txt (line 35))
2026-07-21T13:17:45.378Z,Vritti,Collecting pytest==8.2.2 (from -r requirements.txt (line 35))
2026-07-21T13:17:45.394Z,Vritti,Downloading pytest-8.2.2-py3-none-any.whl.metadata (7.6 kB)
2026-07-21T13:17:45.394Z,Vritti,Downloading pytest-8.2.2-py3-none-any.whl.metadata (7.6 kB)
2026-07-21T13:17:45.456Z,Vritti,Collecting pytest-asyncio==0.23.7 (from -r requirements.txt (line 36))
2026-07-21T13:17:45.456Z,Vritti,Collecting pytest-asyncio==0.23.7 (from -r requirements.txt (line 36))
2026-07-21T13:17:45.472Z,Vritti,Downloading pytest_asyncio-0.23.7-py3-none-any.whl.metadata (3.9 kB)
2026-07-21T13:17:45.472Z,Vritti,Downloading pytest_asyncio-0.23.7-py3-none-any.whl.metadata (3.9 kB)
2026-07-21T13:17:45.527Z,Vritti,Collecting flake8==7.1.0 (from -r requirements.txt (line 37))
2026-07-21T13:17:45.527Z,Vritti,Collecting flake8==7.1.0 (from -r requirements.txt (line 37))
2026-07-21T13:17:45.543Z,Vritti,Downloading flake8-7.1.0-py2.py3-none-any.whl.metadata (3.8 kB)
2026-07-21T13:17:45.543Z,Vritti,Downloading flake8-7.1.0-py2.py3-none-any.whl.metadata (3.8 kB)
2026-07-21T13:17:45.640Z,Vritti,Collecting black==24.4.2 (from -r requirements.txt (line 38))
2026-07-21T13:17:45.640Z,Vritti,Collecting black==24.4.2 (from -r requirements.txt (line 38))
2026-07-21T13:17:45.662Z,Vritti,Downloading black-24.4.2-cp311-cp311-manylinux_2_17_x86_64.manylinux2014_x86_64.whl.metadata (77 kB)
2026-07-21T13:17:45.662Z,Vritti,Downloading black-24.4.2-cp311-cp311-manylinux_2_17_x86_64.manylinux2014_x86_64.whl.metadata (77 kB)
2026-07-21T13:17:45.670Z,Vritti,━━━━━━━━━━━━━━━━━━━━━━━━━━━━━━━━━━━━━━━━ 77.1/77.1 kB 35.4 MB/s eta 0:00:00
2026-07-21T13:17:45.670Z,Vritti,━━━━━━━━━━━━━━━━━━━━━━━━━━━━━━━━━━━━━━━━ 77.1/77.1 kB 35.4 MB/s eta 0:00:00
2026-07-21T13:17:45.671Z,Vritti,
2026-07-21T13:17:45.671Z,Vritti,
2026-07-21T13:17:45.730Z,Vritti,Collecting python-dotenv==1.0.1 (from -r requirements.txt (line 39))
2026-07-21T13:17:45.730Z,Vritti,Collecting python-dotenv==1.0.1 (from -r requirements.txt (line 39))
2026-07-21T13:17:45.746Z,Vritti,Downloading python_dotenv-1.0.1-py3-none-any.whl.metadata (23 kB)
2026-07-21T13:17:45.746Z,Vritti,Downloading python_dotenv-1.0.1-py3-none-any.whl.metadata (23 kB)
2026-07-21T13:17:45.956Z,Vritti,Collecting jupyterlab==4.2.2 (from -r requirements.txt (line 42))
2026-07-21T13:17:45.956Z,Vritti,Collecting jupyterlab==4.2.2 (from -r requirements.txt (line 42))
2026-07-21T13:17:45.977Z,Vritti,Downloading jupyterlab-4.2.2-py3-none-any.whl.metadata (16 kB)
2026-07-21T13:17:45.977Z,Vritti,Downloading jupyterlab-4.2.2-py3-none-any.whl.metadata (16 kB)
2026-07-21T13:17:46.552Z,Vritti,Collecting textblob==0.18.0 (from -r requirements.txt (line 43))
2026-07-21T13:17:46.552Z,Vritti,Collecting textblob==0.18.0 (from -r requirements.txt (line 43))
2026-07-21T13:17:46.573Z,Vritti,Downloading textblob-0.18.0-py3-none-any.whl.metadata (4.5 kB)
2026-07-21T13:17:46.573Z,Vritti,Downloading textblob-0.18.0-py3-none-any.whl.metadata (4.5 kB)
2026-07-21T13:17:46.609Z,Vritti,Collecting vaderSentiment==3.3.2 (from -r requirements.txt (line 44))
2026-07-21T13:17:46.609Z,Vritti,Collecting vaderSentiment==3.3.2 (from -r requirements.txt (line 44))
2026-07-21T13:17:46.628Z,Vritti,Downloading vaderSentiment-3.3.2-py2.py3-none-any.whl.metadata (572 bytes)
2026-07-21T13:17:46.628Z,Vritti,Downloading vaderSentiment-3.3.2-py2.py3-none-any.whl.metadata (572 bytes)
2026-07-21T13:17:46.702Z,Vritti,Collecting requests<3.0.0 (from newsapi-python==0.2.7->-r requirements.txt (line 2))
2026-07-21T13:17:46.702Z,Vritti,Collecting requests<3.0.0 (from newsapi-python==0.2.7->-r requirements.txt (line 2))
2026-07-21T13:17:46.717Z,Vritti,Downloading requests-2.34.2-py3-none-any.whl.metadata (4.8 kB)
2026-07-21T13:17:46.717Z,Vritti,Downloading requests-2.34.2-py3-none-any.whl.metadata (4.8 kB)
2026-07-21T13:17:46.766Z,Vritti,"Collecting certifi<2027.0.0,>=2022.5.18 (from massive==2.8.0->-r requirements.txt (line 3))"
2026-07-21T13:17:46.766Z,Vritti,"Collecting certifi<2027.0.0,>=2022.5.18 (from massive==2.8.0->-r requirements.txt (line 3))"
2026-07-21T13:17:46.782Z,Vritti,Downloading certifi-2026.6.17-py3-none-any.whl.metadata (2.5 kB)
2026-07-21T13:17:46.782Z,Vritti,Downloading certifi-2026.6.17-py3-none-any.whl.metadata (2.5 kB)
2026-07-21T13:17:46.842Z,Vritti,Collecting urllib3>=1.26.9 (from massive==2.8.0->-r requirements.txt (line 3))
2026-07-21T13:17:46.842Z,Vritti,Collecting urllib3>=1.26.9 (from massive==2.8.0->-r requirements.txt (line 3))
2026-07-21T13:17:46.856Z,Vritti,Downloading urllib3-2.7.0-py3-none-any.whl.metadata (6.9 kB)
2026-07-21T13:17:46.856Z,Vritti,Downloading urllib3-2.7.0-py3-none-any.whl.metadata (6.9 kB)
2026-07-21T13:17:47.007Z,Vritti,Collecting websockets>=14.0 (from massive==2.8.0->-r requirements.txt (line 3))
2026-07-21T13:17:47.007Z,Vritti,Collecting websockets>=14.0 (from massive==2.8.0->-r requirements.txt (line 3))
2026-07-21T13:17:47.024Z,Vritti,Downloading websockets-16.1.1-cp311-cp311-manylinux1_x86_64.manylinux_2_28_x86_64.manylinux_2_5_x86_64.whl.metadata (6.8 kB)
2026-07-21T13:17:47.024Z,Vritti,Downloading websockets-16.1.1-cp311-cp311-manylinux1_x86_64.manylinux_2_28_x86_64.manylinux_2_5_x86_64.whl.metadata (6.8 kB)
2026-07-21T13:17:47.057Z,Vritti,Collecting aiosignal>=1.1.2 (from aiohttp==3.9.5->-r requirements.txt (line 4))
2026-07-21T13:17:47.057Z,Vritti,Collecting aiosignal>=1.1.2 (from aiohttp==3.9.5->-r requirements.txt (line 4))
2026-07-21T13:17:47.072Z,Vritti,Downloading aiosignal-1.4.0-py3-none-any.whl.metadata (3.7 kB)
2026-07-21T13:17:47.072Z,Vritti,Downloading aiosignal-1.4.0-py3-none-any.whl.metadata (3.7 kB)
2026-07-21T13:17:47.109Z,Vritti,Collecting attrs>=17.3.0 (from aiohttp==3.9.5->-r requirements.txt (line 4))
2026-07-21T13:17:47.109Z,Vritti,Collecting attrs>=17.3.0 (from aiohttp==3.9.5->-r requirements.txt (line 4))
2026-07-21T13:17:47.123Z,Vritti,Downloading attrs-26.1.0-py3-none-any.whl.metadata (8.8 kB)
2026-07-21T13:17:47.123Z,Vritti,Downloading attrs-26.1.0-py3-none-any.whl.metadata (8.8 kB)
2026-07-21T13:17:47.244Z,Vritti,Collecting frozenlist>=1.1.1 (from aiohttp==3.9.5->-r requirements.txt (line 4))
2026-07-21T13:17:47.244Z,Vritti,Collecting frozenlist>=1.1.1 (from aiohttp==3.9.5->-r requirements.txt (line 4))
2026-07-21T13:17:47.259Z,Vritti,Downloading frozenlist-1.8.0-cp311-cp311-manylinux1_x86_64.manylinux_2_28_x86_64.manylinux_2_5_x86_64.whl.metadata (20 kB)
2026-07-21T13:17:47.259Z,Vritti,Downloading frozenlist-1.8.0-cp311-cp311-manylinux1_x86_64.manylinux_2_28_x86_64.manylinux_2_5_x86_64.whl.metadata (20 kB)
2026-07-21T13:17:47.571Z,Vritti,"Collecting multidict<7.0,>=4.5 (from aiohttp==3.9.5->-r requirements.txt (line 4))"
2026-07-21T13:17:47.571Z,Vritti,"Collecting multidict<7.0,>=4.5 (from aiohttp==3.9.5->-r requirements.txt (line 4))"
2026-07-21T13:17:47.594Z,Vritti,Downloading multidict-6.7.1-cp311-cp311-manylinux2014_x86_64.manylinux_2_17_x86_64.manylinux_2_28_x86_64.whl.metadata (5.3 kB)
2026-07-21T13:17:47.594Z,Vritti,Downloading multidict-6.7.1-cp311-cp311-manylinux2014_x86_64.manylinux_2_17_x86_64.manylinux_2_28_x86_64.whl.metadata (5.3 kB)
2026-07-21T13:17:48.297Z,Vritti,"Collecting yarl<2.0,>=1.0 (from aiohttp==3.9.5->-r requirements.txt (line 4))"
2026-07-21T13:17:48.297Z,Vritti,"Collecting yarl<2.0,>=1.0 (from aiohttp==3.9.5->-r requirements.txt (line 4))"
2026-07-21T13:17:48.317Z,Vritti,Downloading yarl-1.24.5-cp311-cp311-manylinux2014_x86_64.manylinux_2_17_x86_64.manylinux_2_28_x86_64.whl.metadata (103 kB)
2026-07-21T13:17:48.317Z,Vritti,Downloading yarl-1.24.5-cp311-cp311-manylinux2014_x86_64.manylinux_2_17_x86_64.manylinux_2_28_x86_64.whl.metadata (103 kB)
2026-07-21T13:17:48.324Z,Vritti,━━━━━━━━━━━━━━━━━━━━━━━━━━━━━━━━━━━━━━ 104.0/104.0 kB 30.2 MB/s eta 0:00:00
2026-07-21T13:17:48.324Z,Vritti,━━━━━━━━━━━━━━━━━━━━━━━━━━━━━━━━━━━━━━ 104.0/104.0 kB 30.2 MB/s eta 0:00:00
2026-07-21T13:17:48.621Z,Vritti,Collecting filelock (from transformers==4.41.2->-r requirements.txt (line 8))
2026-07-21T13:17:48.621Z,Vritti,Collecting filelock (from transformers==4.41.2->-r requirements.txt (line 8))
2026-07-21T13:17:48.640Z,Vritti,Downloading filelock-3.32.0-py3-none-any.whl.metadata (2.0 kB)
2026-07-21T13:17:48.640Z,Vritti,Downloading filelock-3.32.0-py3-none-any.whl.metadata (2.0 kB)
2026-07-21T13:17:48.756Z,Vritti,"Collecting huggingface-hub<1.0,>=0.23.0 (from transformers==4.41.2->-r requirements.txt (line 8))"
2026-07-21T13:17:48.756Z,Vritti,"Collecting huggingface-hub<1.0,>=0.23.0 (from transformers==4.41.2->-r requirements.txt (line 8))"
2026-07-21T13:17:48.773Z,Vritti,Downloading huggingface_hub-0.36.2-py3-none-any.whl.metadata (15 kB)
2026-07-21T13:17:48.773Z,Vritti,Downloading huggingface_hub-0.36.2-py3-none-any.whl.metadata (15 kB)
2026-07-21T13:17:48.786Z,Vritti,Requirement already satisfied: packaging>=20.0 in /usr/local/lib/python3.11/site-packages (from transformers==4.41.2->-r requirements.txt (line 8)) (26.2)
2026-07-21T13:17:48.786Z,Vritti,Requirement already satisfied: packaging>=20.0 in /usr/local/lib/python3.11/site-packages (from transformers==4.41.2->-r requirements.txt (line 8)) (26.2)
2026-07-21T13:17:48.846Z,Vritti,Collecting pyyaml>=5.1 (from transformers==4.41.2->-r requirements.txt (line 8))
2026-07-21T13:17:48.846Z,Vritti,Collecting pyyaml>=5.1 (from transformers==4.41.2->-r requirements.txt (line 8))
2026-07-21T13:17:48.863Z,Vritti,Downloading pyyaml-6.0.3-cp311-cp311-manylinux2014_x86_64.manylinux_2_17_x86_64.manylinux_2_28_x86_64.whl.metadata (2.4 kB)
2026-07-21T13:17:48.863Z,Vritti,Downloading pyyaml-6.0.3-cp311-cp311-manylinux2014_x86_64.manylinux_2_17_x86_64.manylinux_2_28_x86_64.whl.metadata (2.4 kB)
2026-07-21T13:17:49.601Z,Vritti,Collecting regex!=2019.12.17 (from transformers==4.41.2->-r requirements.txt (line 8))
2026-07-21T13:17:49.601Z,Vritti,Collecting regex!=2019.12.17 (from transformers==4.41.2->-r requirements.txt (line 8))
2026-07-21T13:17:49.622Z,Vritti,Downloading regex-2026.7.19-cp311-cp311-manylinux2014_x86_64.manylinux_2_17_x86_64.manylinux_2_28_x86_64.whl.metadata (40 kB)
2026-07-21T13:17:49.622Z,Vritti,Downloading regex-2026.7.19-cp311-cp311-manylinux2014_x86_64.manylinux_2_17_x86_64.manylinux_2_28_x86_64.whl.metadata (40 kB)
2026-07-21T13:17:49.627Z,Vritti,━━━━━━━━━━━━━━━━━━━━━━━━━━━━━━━━━━━━━━━ 40.5/40.5 kB 128.1 MB/s eta 0:00:00
2026-07-21T13:17:49.627Z,Vritti,━━━━━━━━━━━━━━━━━━━━━━━━━━━━━━━━━━━━━━━ 40.5/40.5 kB 128.1 MB/s eta 0:00:00
2026-07-21T13:17:49.628Z,Vritti,
2026-07-21T13:17:49.628Z,Vritti,
2026-07-21T13:17:49.838Z,Vritti,"Collecting tokenizers<0.20,>=0.19 (from transformers==4.41.2->-r requirements.txt (line 8))"
2026-07-21T13:17:49.838Z,Vritti,"Collecting tokenizers<0.20,>=0.19 (from transformers==4.41.2->-r requirements.txt (line 8))"
2026-07-21T13:17:49.855Z,Vritti,Downloading tokenizers-0.19.1-cp311-cp311-manylinux_2_17_x86_64.manylinux2014_x86_64.whl.metadata (6.7 kB)
2026-07-21T13:17:49.855Z,Vritti,Downloading tokenizers-0.19.1-cp311-cp311-manylinux_2_17_x86_64.manylinux2014_x86_64.whl.metadata (6.7 kB)
2026-07-21T13:17:50.019Z,Vritti,Collecting safetensors>=0.4.1 (from transformers==4.41.2->-r requirements.txt (line 8))
2026-07-21T13:17:50.019Z,Vritti,Collecting safetensors>=0.4.1 (from transformers==4.41.2->-r requirements.txt (line 8))
2026-07-21T13:17:50.039Z,Vritti,Downloading safetensors-0.8.0-cp310-abi3-manylinux_2_17_x86_64.manylinux2014_x86_64.whl.metadata (4.2 kB)
2026-07-21T13:17:50.039Z,Vritti,Downloading safetensors-0.8.0-cp310-abi3-manylinux_2_17_x86_64.manylinux2014_x86_64.whl.metadata (4.2 kB)
2026-07-21T13:17:50.121Z,Vritti,Collecting tqdm>=4.27 (from transformers==4.41.2->-r requirements.txt (line 8))
2026-07-21T13:17:50.121Z,Vritti,Collecting tqdm>=4.27 (from transformers==4.41.2->-r requirements.txt (line 8))
2026-07-21T13:17:50.142Z,Vritti,Downloading tqdm-4.69.0-py3-none-any.whl.metadata (57 kB)
2026-07-21T13:17:50.142Z,Vritti,Downloading tqdm-4.69.0-py3-none-any.whl.metadata (57 kB)
2026-07-21T13:17:50.149Z,Vritti,━━━━━━━━━━━━━━━━━━━━━━━━━━━━━━━━━━━━━━━━ 57.4/57.4 kB 15.0 MB/s eta 0:00:00
2026-07-21T13:17:50.149Z,Vritti,━━━━━━━━━━━━━━━━━━━━━━━━━━━━━━━━━━━━━━━━ 57.4/57.4 kB 15.0 MB/s eta 0:00:00
2026-07-21T13:17:50.151Z,Vritti,
2026-07-21T13:17:50.151Z,Vritti,
2026-07-21T13:17:50.230Z,Vritti,Collecting typing-extensions>=4.10.0 (from torch==2.7.1->-r requirements.txt (line 9))
2026-07-21T13:17:50.230Z,Vritti,Collecting typing-extensions>=4.10.0 (from torch==2.7.1->-r requirements.txt (line 9))
2026-07-21T13:17:50.244Z,Vritti,Downloading typing_extensions-4.16.0-py3-none-any.whl.metadata (3.3 kB)
2026-07-21T13:17:50.244Z,Vritti,Downloading typing_extensions-4.16.0-py3-none-any.whl.metadata (3.3 kB)
2026-07-21T13:17:50.286Z,Vritti,Collecting sympy>=1.13.3 (from torch==2.7.1->-r requirements.txt (line 9))
2026-07-21T13:17:50.286Z,Vritti,Collecting sympy>=1.13.3 (from torch==2.7.1->-r requirements.txt (line 9))
2026-07-21T13:17:50.299Z,Vritti,Downloading sympy-1.14.0-py3-none-any.whl.metadata (12 kB)
2026-07-21T13:17:50.299Z,Vritti,Downloading sympy-1.14.0-py3-none-any.whl.metadata (12 kB)
2026-07-21T13:17:50.348Z,Vritti,Collecting networkx (from torch==2.7.1->-r requirements.txt (line 9))
2026-07-21T13:17:50.348Z,Vritti,Collecting networkx (from torch==2.7.1->-r requirements.txt (line 9))
2026-07-21T13:17:50.360Z,Vritti,Downloading networkx-3.6.1-py3-none-any.whl.metadata (6.8 kB)
2026-07-21T13:17:50.360Z,Vritti,Downloading networkx-3.6.1-py3-none-any.whl.metadata (6.8 kB)
2026-07-21T13:17:50.395Z,Vritti,Collecting jinja2 (from torch==2.7.1->-r requirements.txt (line 9))
2026-07-21T13:17:50.395Z,Vritti,Collecting jinja2 (from torch==2.7.1->-r requirements.txt (line 9))
2026-07-21T13:17:50.410Z,Vritti,Downloading jinja2-3.1.6-py3-none-any.whl.metadata (2.9 kB)
2026-07-21T13:17:50.410Z,Vritti,Downloading jinja2-3.1.6-py3-none-any.whl.metadata (2.9 kB)
2026-07-21T13:17:50.467Z,Vritti,Collecting fsspec (from torch==2.7.1->-r requirements.txt (line 9))
2026-07-21T13:17:50.467Z,Vritti,Collecting fsspec (from torch==2.7.1->-r requirements.txt (line 9))
2026-07-21T13:17:50.485Z,Vritti,Downloading fsspec-2026.6.0-py3-none-any.whl.metadata (10 kB)
2026-07-21T13:17:50.485Z,Vritti,Downloading fsspec-2026.6.0-py3-none-any.whl.metadata (10 kB)
2026-07-21T13:17:50.515Z,Vritti,Collecting nvidia-cuda-nvrtc-cu12==12.6.77 (from torch==2.7.1->-r requirements.txt (line 9))
2026-07-21T13:17:50.515Z,Vritti,Collecting nvidia-cuda-nvrtc-cu12==12.6.77 (from torch==2.7.1->-r requirements.txt (line 9))
2026-07-21T13:17:50.531Z,Vritti,Downloading nvidia_cuda_nvrtc_cu12-12.6.77-py3-none-manylinux2014_x86_64.whl.metadata (1.5 kB)
2026-07-21T13:17:50.531Z,Vritti,Downloading nvidia_cuda_nvrtc_cu12-12.6.77-py3-none-manylinux2014_x86_64.whl.metadata (1.5 kB)
2026-07-21T13:17:50.567Z,Vritti,Collecting nvidia-cuda-runtime-cu12==12.6.77 (from torch==2.7.1->-r requirements.txt (line 9))
2026-07-21T13:17:50.567Z,Vritti,Collecting nvidia-cuda-runtime-cu12==12.6.77 (from torch==2.7.1->-r requirements.txt (line 9))
2026-07-21T13:17:50.582Z,Vritti,Downloading nvidia_cuda_runtime_cu12-12.6.77-py3-none-manylinux2014_x86_64.manylinux_2_17_x86_64.whl.metadata (1.5 kB)
2026-07-21T13:17:50.582Z,Vritti,Downloading nvidia_cuda_runtime_cu12-12.6.77-py3-none-manylinux2014_x86_64.manylinux_2_17_x86_64.whl.metadata (1.5 kB)
2026-07-21T13:17:50.615Z,Vritti,Collecting nvidia-cuda-cupti-cu12==12.6.80 (from torch==2.7.1->-r requirements.txt (line 9))
2026-07-21T13:17:50.615Z,Vritti,Collecting nvidia-cuda-cupti-cu12==12.6.80 (from torch==2.7.1->-r requirements.txt (line 9))
2026-07-21T13:17:50.629Z,Vritti,Downloading nvidia_cuda_cupti_cu12-12.6.80-py3-none-manylinux2014_x86_64.manylinux_2_17_x86_64.whl.metadata (1.6 kB)
2026-07-21T13:17:50.629Z,Vritti,Downloading nvidia_cuda_cupti_cu12-12.6.80-py3-none-manylinux2014_x86_64.manylinux_2_17_x86_64.whl.metadata (1.6 kB)
2026-07-21T13:17:50.672Z,Vritti,Collecting nvidia-cudnn-cu12==9.5.1.17 (from torch==2.7.1->-r requirements.txt (line 9))
2026-07-21T13:17:50.672Z,Vritti,Collecting nvidia-cudnn-cu12==9.5.1.17 (from torch==2.7.1->-r requirements.txt (line 9))
2026-07-21T13:17:50.685Z,Vritti,Downloading nvidia_cudnn_cu12-9.5.1.17-py3-none-manylinux_2_28_x86_64.whl.metadata (1.6 kB)
2026-07-21T13:17:50.685Z,Vritti,Downloading nvidia_cudnn_cu12-9.5.1.17-py3-none-manylinux_2_28_x86_64.whl.metadata (1.6 kB)
2026-07-21T13:17:50.714Z,Vritti,Collecting nvidia-cublas-cu12==12.6.4.1 (from torch==2.7.1->-r requirements.txt (line 9))
2026-07-21T13:17:50.714Z,Vritti,Collecting nvidia-cublas-cu12==12.6.4.1 (from torch==2.7.1->-r requirements.txt (line 9))
2026-07-21T13:17:50.727Z,Vritti,Downloading nvidia_cublas_cu12-12.6.4.1-py3-none-manylinux2014_x86_64.manylinux_2_17_x86_64.whl.metadata (1.5 kB)
2026-07-21T13:17:50.727Z,Vritti,Downloading nvidia_cublas_cu12-12.6.4.1-py3-none-manylinux2014_x86_64.manylinux_2_17_x86_64.whl.metadata (1.5 kB)
2026-07-21T13:17:50.764Z,Vritti,Collecting nvidia-cufft-cu12==11.3.0.4 (from torch==2.7.1->-r requirements.txt (line 9))
2026-07-21T13:17:50.764Z,Vritti,Collecting nvidia-cufft-cu12==11.3.0.4 (from torch==2.7.1->-r requirements.txt (line 9))
2026-07-21T13:17:50.778Z,Vritti,Downloading nvidia_cufft_cu12-11.3.0.4-py3-none-manylinux2014_x86_64.manylinux_2_17_x86_64.whl.metadata (1.5 kB)
2026-07-21T13:17:50.778Z,Vritti,Downloading nvidia_cufft_cu12-11.3.0.4-py3-none-manylinux2014_x86_64.manylinux_2_17_x86_64.whl.metadata (1.5 kB)
2026-07-21T13:17:50.810Z,Vritti,Collecting nvidia-curand-cu12==10.3.7.77 (from torch==2.7.1->-r requirements.txt (line 9))
2026-07-21T13:17:50.810Z,Vritti,Collecting nvidia-curand-cu12==10.3.7.77 (from torch==2.7.1->-r requirements.txt (line 9))
2026-07-21T13:17:50.825Z,Vritti,Downloading nvidia_curand_cu12-10.3.7.77-py3-none-manylinux2014_x86_64.manylinux_2_17_x86_64.whl.metadata (1.5 kB)
2026-07-21T13:17:50.825Z,Vritti,Downloading nvidia_curand_cu12-10.3.7.77-py3-none-manylinux2014_x86_64.manylinux_2_17_x86_64.whl.metadata (1.5 kB)
2026-07-21T13:17:50.860Z,Vritti,Collecting nvidia-cusolver-cu12==11.7.1.2 (from torch==2.7.1->-r requirements.txt (line 9))
2026-07-21T13:17:50.860Z,Vritti,Collecting nvidia-cusolver-cu12==11.7.1.2 (from torch==2.7.1->-r requirements.txt (line 9))
2026-07-21T13:17:50.874Z,Vritti,Downloading nvidia_cusolver_cu12-11.7.1.2-py3-none-manylinux2014_x86_64.manylinux_2_17_x86_64.whl.metadata (1.6 kB)
2026-07-21T13:17:50.874Z,Vritti,Downloading nvidia_cusolver_cu12-11.7.1.2-py3-none-manylinux2014_x86_64.manylinux_2_17_x86_64.whl.metadata (1.6 kB)
2026-07-21T13:17:50.913Z,Vritti,Collecting nvidia-cusparse-cu12==12.5.4.2 (from torch==2.7.1->-r requirements.txt (line 9))
2026-07-21T13:17:50.913Z,Vritti,Collecting nvidia-cusparse-cu12==12.5.4.2 (from torch==2.7.1->-r requirements.txt (line 9))
2026-07-21T13:17:50.930Z,Vritti,Downloading nvidia_cusparse_cu12-12.5.4.2-py3-none-manylinux2014_x86_64.manylinux_2_17_x86_64.whl.metadata (1.6 kB)
2026-07-21T13:17:50.930Z,Vritti,Downloading nvidia_cusparse_cu12-12.5.4.2-py3-none-manylinux2014_x86_64.manylinux_2_17_x86_64.whl.metadata (1.6 kB)
2026-07-21T13:17:50.961Z,Vritti,Collecting nvidia-cusparselt-cu12==0.6.3 (from torch==2.7.1->-r requirements.txt (line 9))
2026-07-21T13:17:50.961Z,Vritti,Collecting nvidia-cusparselt-cu12==0.6.3 (from torch==2.7.1->-r requirements.txt (line 9))
2026-07-21T13:17:50.975Z,Vritti,Downloading nvidia_cusparselt_cu12-0.6.3-py3-none-manylinux2014_x86_64.whl.metadata (6.8 kB)
2026-07-21T13:17:50.975Z,Vritti,Downloading nvidia_cusparselt_cu12-0.6.3-py3-none-manylinux2014_x86_64.whl.metadata (6.8 kB)
2026-07-21T13:17:51.009Z,Vritti,Collecting nvidia-nccl-cu12==2.26.2 (from torch==2.7.1->-r requirements.txt (line 9))
2026-07-21T13:17:51.009Z,Vritti,Collecting nvidia-nccl-cu12==2.26.2 (from torch==2.7.1->-r requirements.txt (line 9))
2026-07-21T13:17:51.025Z,Vritti,Downloading nvidia_nccl_cu12-2.26.2-py3-none-manylinux2014_x86_64.manylinux_2_17_x86_64.whl.metadata (2.0 kB)
2026-07-21T13:17:51.025Z,Vritti,Downloading nvidia_nccl_cu12-2.26.2-py3-none-manylinux2014_x86_64.manylinux_2_17_x86_64.whl.metadata (2.0 kB)
2026-07-21T13:17:51.060Z,Vritti,Collecting nvidia-nvtx-cu12==12.6.77 (from torch==2.7.1->-r requirements.txt (line 9))
2026-07-21T13:17:51.060Z,Vritti,Collecting nvidia-nvtx-cu12==12.6.77 (from torch==2.7.1->-r requirements.txt (line 9))
2026-07-21T13:17:51.073Z,Vritti,Downloading nvidia_nvtx_cu12-12.6.77-py3-none-manylinux2014_x86_64.manylinux_2_17_x86_64.whl.metadata (1.6 kB)
2026-07-21T13:17:51.073Z,Vritti,Downloading nvidia_nvtx_cu12-12.6.77-py3-none-manylinux2014_x86_64.manylinux_2_17_x86_64.whl.metadata (1.6 kB)
2026-07-21T13:17:51.105Z,Vritti,Collecting nvidia-nvjitlink-cu12==12.6.85 (from torch==2.7.1->-r requirements.txt (line 9))
2026-07-21T13:17:51.105Z,Vritti,Collecting nvidia-nvjitlink-cu12==12.6.85 (from torch==2.7.1->-r requirements.txt (line 9))
2026-07-21T13:17:51.119Z,Vritti,Downloading nvidia_nvjitlink_cu12-12.6.85-py3-none-manylinux2010_x86_64.manylinux_2_12_x86_64.whl.metadata (1.5 kB)
2026-07-21T13:17:51.119Z,Vritti,Downloading nvidia_nvjitlink_cu12-12.6.85-py3-none-manylinux2010_x86_64.manylinux_2_12_x86_64.whl.metadata (1.5 kB)
2026-07-21T13:17:51.147Z,Vritti,Collecting nvidia-cufile-cu12==1.11.1.6 (from torch==2.7.1->-r requirements.txt (line 9))
2026-07-21T13:17:51.147Z,Vritti,Collecting nvidia-cufile-cu12==1.11.1.6 (from torch==2.7.1->-r requirements.txt (line 9))
2026-07-21T13:17:51.169Z,Vritti,Downloading nvidia_cufile_cu12-1.11.1.6-py3-none-manylinux2014_x86_64.manylinux_2_17_x86_64.whl.metadata (1.5 kB)
2026-07-21T13:17:51.169Z,Vritti,Downloading nvidia_cufile_cu12-1.11.1.6-py3-none-manylinux2014_x86_64.manylinux_2_17_x86_64.whl.metadata (1.5 kB)
2026-07-21T13:17:51.207Z,Vritti,Collecting triton==3.3.1 (from torch==2.7.1->-r requirements.txt (line 9))
2026-07-21T13:17:51.207Z,Vritti,Collecting triton==3.3.1 (from torch==2.7.1->-r requirements.txt (line 9))
2026-07-21T13:17:51.223Z,Vritti,Downloading triton-3.3.1-cp311-cp311-manylinux_2_27_x86_64.manylinux_2_28_x86_64.whl.metadata (1.5 kB)
2026-07-21T13:17:51.223Z,Vritti,Downloading triton-3.3.1-cp311-cp311-manylinux_2_27_x86_64.manylinux_2_28_x86_64.whl.metadata (1.5 kB)
2026-07-21T13:17:51.312Z,Vritti,Collecting python-dateutil>=2.8.2 (from pandas==2.2.2->-r requirements.txt (line 14))
2026-07-21T13:17:51.312Z,Vritti,Collecting python-dateutil>=2.8.2 (from pandas==2.2.2->-r requirements.txt (line 14))
2026-07-21T13:17:51.327Z,Vritti,Downloading python_dateutil-2.9.0.post0-py2.py3-none-any.whl.metadata (8.4 kB)
2026-07-21T13:17:51.327Z,Vritti,Downloading python_dateutil-2.9.0.post0-py2.py3-none-any.whl.metadata (8.4 kB)
2026-07-21T13:17:51.394Z,Vritti,Collecting pytz>=2020.1 (from pandas==2.2.2->-r requirements.txt (line 14))
2026-07-21T13:17:51.394Z,Vritti,Collecting pytz>=2020.1 (from pandas==2.2.2->-r requirements.txt (line 14))
2026-07-21T13:17:51.407Z,Vritti,Downloading pytz-2026.2-py2.py3-none-any.whl.metadata (22 kB)
2026-07-21T13:17:51.407Z,Vritti,Downloading pytz-2026.2-py2.py3-none-any.whl.metadata (22 kB)
2026-07-21T13:17:51.441Z,Vritti,Collecting tzdata>=2022.7 (from pandas==2.2.2->-r requirements.txt (line 14))
2026-07-21T13:17:51.441Z,Vritti,Collecting tzdata>=2022.7 (from pandas==2.2.2->-r requirements.txt (line 14))
2026-07-21T13:17:51.460Z,Vritti,Downloading tzdata-2026.3-py2.py3-none-any.whl.metadata (1.4 kB)
2026-07-21T13:17:51.460Z,Vritti,Downloading tzdata-2026.3-py2.py3-none-any.whl.metadata (1.4 kB)
2026-07-21T13:17:51.590Z,Vritti,Collecting joblib>=1.2.0 (from scikit-learn==1.5.0->-r requirements.txt (line 17))
2026-07-21T13:17:51.590Z,Vritti,Collecting joblib>=1.2.0 (from scikit-learn==1.5.0->-r requirements.txt (line 17))
2026-07-21T13:17:51.603Z,Vritti,Downloading joblib-1.5.3-py3-none-any.whl.metadata (5.5 kB)
2026-07-21T13:17:51.603Z,Vritti,Downloading joblib-1.5.3-py3-none-any.whl.metadata (5.5 kB)
2026-07-21T13:17:51.629Z,Vritti,Collecting threadpoolctl>=3.1.0 (from scikit-learn==1.5.0->-r requirements.txt (line 17))
2026-07-21T13:17:51.629Z,Vritti,Collecting threadpoolctl>=3.1.0 (from scikit-learn==1.5.0->-r requirements.txt (line 17))
2026-07-21T13:17:51.642Z,Vritti,Downloading threadpoolctl-3.6.0-py3-none-any.whl.metadata (13 kB)
2026-07-21T13:17:51.642Z,Vritti,Downloading threadpoolctl-3.6.0-py3-none-any.whl.metadata (13 kB)
2026-07-21T13:17:51.914Z,Vritti,Collecting greenlet!=0.4.17 (from sqlalchemy==2.0.30->-r requirements.txt (line 20))
2026-07-21T13:17:51.914Z,Vritti,Collecting greenlet!=0.4.17 (from sqlalchemy==2.0.30->-r requirements.txt (line 20))
2026-07-21T13:17:51.952Z,Vritti,Downloading greenlet-3.5.3-cp311-cp311-manylinux_2_24_x86_64.manylinux_2_28_x86_64.whl.metadata (3.8 kB)
2026-07-21T13:17:51.952Z,Vritti,Downloading greenlet-3.5.3-cp311-cp311-manylinux_2_24_x86_64.manylinux_2_28_x86_64.whl.metadata (3.8 kB)
2026-07-21T13:17:51.997Z,Vritti,Collecting async-timeout>=4.0.3 (from asyncpg==0.29.0->-r requirements.txt (line 22))
2026-07-21T13:17:51.997Z,Vritti,Collecting async-timeout>=4.0.3 (from asyncpg==0.29.0->-r requirements.txt (line 22))
2026-07-21T13:17:52.010Z,Vritti,Downloading async_timeout-5.0.1-py3-none-any.whl.metadata (5.1 kB)
2026-07-21T13:17:52.010Z,Vritti,Downloading async_timeout-5.0.1-py3-none-any.whl.metadata (5.1 kB)
2026-07-21T13:17:52.097Z,Vritti,"Collecting starlette<0.38.0,>=0.37.2 (from fastapi==0.111.0->-r requirements.txt (line 25))"
2026-07-21T13:17:52.097Z,Vritti,"Collecting starlette<0.38.0,>=0.37.2 (from fastapi==0.111.0->-r requirements.txt (line 25))"
2026-07-21T13:17:52.114Z,Vritti,Downloading starlette-0.37.2-py3-none-any.whl.metadata (5.9 kB)
2026-07-21T13:17:52.114Z,Vritti,Downloading starlette-0.37.2-py3-none-any.whl.metadata (5.9 kB)
2026-07-21T13:17:52.174Z,Vritti,Collecting fastapi-cli>=0.0.2 (from fastapi==0.111.0->-r requirements.txt (line 25))
2026-07-21T13:17:52.174Z,Vritti,Collecting fastapi-cli>=0.0.2 (from fastapi==0.111.0->-r requirements.txt (line 25))
2026-07-21T13:17:52.190Z,Vritti,Downloading fastapi_cli-0.0.32-py3-none-any.whl.metadata (6.7 kB)
2026-07-21T13:17:52.190Z,Vritti,Downloading fastapi_cli-0.0.32-py3-none-any.whl.metadata (6.7 kB)
2026-07-21T13:17:52.233Z,Vritti,Collecting python-multipart>=0.0.7 (from fastapi==0.111.0->-r requirements.txt (line 25))
2026-07-21T13:17:52.233Z,Vritti,Collecting python-multipart>=0.0.7 (from fastapi==0.111.0->-r requirements.txt (line 25))
2026-07-21T13:17:52.253Z,Vritti,Downloading python_multipart-0.0.32-py3-none-any.whl.metadata (2.1 kB)
2026-07-21T13:17:52.253Z,Vritti,Downloading python_multipart-0.0.32-py3-none-any.whl.metadata (2.1 kB)
2026-07-21T13:17:52.356Z,Vritti,"Collecting ujson!=4.0.2,!=4.1.0,!=4.2.0,!=4.3.0,!=5.0.0,!=5.1.0,>=4.0.1 (from fastapi==0.111.0->-r requirements.txt (line 25))"
2026-07-21T13:17:52.356Z,Vritti,"Collecting ujson!=4.0.2,!=4.1.0,!=4.2.0,!=4.3.0,!=5.0.0,!=5.1.0,>=4.0.1 (from fastapi==0.111.0->-r requirements.txt (line 25))"
2026-07-21T13:17:52.376Z,Vritti,Downloading ujson-5.13.0-cp311-cp311-manylinux_2_24_x86_64.manylinux_2_28_x86_64.whl.metadata (10.0 kB)
2026-07-21T13:17:52.376Z,Vritti,Downloading ujson-5.13.0-cp311-cp311-manylinux_2_24_x86_64.manylinux_2_28_x86_64.whl.metadata (10.0 kB)
2026-07-21T13:17:53.019Z,Vritti,Collecting orjson>=3.2.1 (from fastapi==0.111.0->-r requirements.txt (line 25))
2026-07-21T13:17:53.019Z,Vritti,Collecting orjson>=3.2.1 (from fastapi==0.111.0->-r requirements.txt (line 25))
2026-07-21T13:17:53.040Z,Vritti,Downloading orjson-3.11.9-cp311-cp311-manylinux_2_17_x86_64.manylinux2014_x86_64.whl.metadata (41 kB)
2026-07-21T13:17:53.040Z,Vritti,Downloading orjson-3.11.9-cp311-cp311-manylinux_2_17_x86_64.manylinux2014_x86_64.whl.metadata (41 kB)
2026-07-21T13:17:53.045Z,Vritti,━━━━━━━━━━━━━━━━━━━━━━━━━━━━━━━━━━━━━━━━ 42.0/42.0 kB 16.5 MB/s eta 0:00:00
2026-07-21T13:17:53.045Z,Vritti,
2026-07-21T13:17:53.045Z,Vritti,━━━━━━━━━━━━━━━━━━━━━━━━━━━━━━━━━━━━━━━━ 42.0/42.0 kB 16.5 MB/s eta 0:00:00
2026-07-21T13:17:53.045Z,Vritti,
2026-07-21T13:17:53.090Z,Vritti,Collecting email_validator>=2.0.0 (from fastapi==0.111.0->-r requirements.txt (line 25))
2026-07-21T13:17:53.090Z,Vritti,Collecting email_validator>=2.0.0 (from fastapi==0.111.0->-r requirements.txt (line 25))
2026-07-21T13:17:53.105Z,Vritti,Downloading email_validator-2.3.0-py3-none-any.whl.metadata (26 kB)
2026-07-21T13:17:53.105Z,Vritti,Downloading email_validator-2.3.0-py3-none-any.whl.metadata (26 kB)
2026-07-21T13:17:53.172Z,Vritti,Collecting click>=7.0 (from uvicorn==0.30.1->uvicorn[standard]==0.30.1->-r requirements.txt (line 26))
2026-07-21T13:17:53.172Z,Vritti,Collecting click>=7.0 (from uvicorn==0.30.1->uvicorn[standard]==0.30.1->-r requirements.txt (line 26))
2026-07-21T13:17:53.188Z,Vritti,Downloading click-8.4.2-py3-none-any.whl.metadata (2.6 kB)
2026-07-21T13:17:53.188Z,Vritti,Downloading click-8.4.2-py3-none-any.whl.metadata (2.6 kB)
2026-07-21T13:17:53.217Z,Vritti,Collecting h11>=0.8 (from uvicorn==0.30.1->uvicorn[standard]==0.30.1->-r requirements.txt (line 26))
2026-07-21T13:17:53.217Z,Vritti,Collecting h11>=0.8 (from uvicorn==0.30.1->uvicorn[standard]==0.30.1->-r requirements.txt (line 26))
2026-07-21T13:17:53.231Z,Vritti,Downloading h11-0.16.0-py3-none-any.whl.metadata (8.3 kB)
2026-07-21T13:17:53.231Z,Vritti,Downloading h11-0.16.0-py3-none-any.whl.metadata (8.3 kB)
2026-07-21T13:17:53.274Z,Vritti,Collecting annotated-types>=0.4.0 (from pydantic==2.7.4->-r requirements.txt (line 27))
2026-07-21T13:17:53.274Z,Vritti,Collecting annotated-types>=0.4.0 (from pydantic==2.7.4->-r requirements.txt (line 27))
2026-07-21T13:17:53.289Z,Vritti,Downloading annotated_types-0.7.0-py3-none-any.whl.metadata (15 kB)
2026-07-21T13:17:53.289Z,Vritti,Downloading annotated_types-0.7.0-py3-none-any.whl.metadata (15 kB)
2026-07-21T13:17:54.213Z,Vritti,Collecting pydantic-core==2.18.4 (from pydantic==2.7.4->-r requirements.txt (line 27))
2026-07-21T13:17:54.213Z,Vritti,Collecting pydantic-core==2.18.4 (from pydantic==2.7.4->-r requirements.txt (line 27))
2026-07-21T13:17:54.232Z,Vritti,Downloading pydantic_core-2.18.4-cp311-cp311-manylinux_2_17_x86_64.manylinux2014_x86_64.whl.metadata (6.5 kB)
2026-07-21T13:17:54.232Z,Vritti,Downloading pydantic_core-2.18.4-cp311-cp311-manylinux_2_17_x86_64.manylinux2014_x86_64.whl.metadata (6.5 kB)
2026-07-21T13:17:54.297Z,Vritti,Collecting anyio (from httpx==0.27.0->-r requirements.txt (line 28))
2026-07-21T13:17:54.297Z,Vritti,Collecting anyio (from httpx==0.27.0->-r requirements.txt (line 28))
2026-07-21T13:17:54.313Z,Vritti,Downloading anyio-4.14.2-py3-none-any.whl.metadata (4.6 kB)
2026-07-21T13:17:54.313Z,Vritti,Downloading anyio-4.14.2-py3-none-any.whl.metadata (4.6 kB)
2026-07-21T13:17:54.616Z,Vritti,Collecting httpcore==1.* (from httpx==0.27.0->-r requirements.txt (line 28))
2026-07-21T13:17:54.616Z,Vritti,Collecting httpcore==1.* (from httpx==0.27.0->-r requirements.txt (line 28))
2026-07-21T13:17:54.637Z,Vritti,Downloading httpcore-1.0.9-py3-none-any.whl.metadata (21 kB)
2026-07-21T13:17:54.637Z,Vritti,Downloading httpcore-1.0.9-py3-none-any.whl.metadata (21 kB)
2026-07-21T13:17:54.685Z,Vritti,Collecting idna (from httpx==0.27.0->-r requirements.txt (line 28))
2026-07-21T13:17:54.685Z,Vritti,Collecting idna (from httpx==0.27.0->-r requirements.txt (line 28))
2026-07-21T13:17:54.700Z,Vritti,Downloading idna-3.18-py3-none-any.whl.metadata (6.1 kB)
2026-07-21T13:17:54.700Z,Vritti,Downloading idna-3.18-py3-none-any.whl.metadata (6.1 kB)
2026-07-21T13:17:54.724Z,Vritti,Collecting sniffio (from httpx==0.27.0->-r requirements.txt (line 28))
2026-07-21T13:17:54.724Z,Vritti,Collecting sniffio (from httpx==0.27.0->-r requirements.txt (line 28))
2026-07-21T13:17:54.741Z,Vritti,Downloading sniffio-1.3.1-py3-none-any.whl.metadata (3.9 kB)
2026-07-21T13:17:54.741Z,Vritti,Downloading sniffio-1.3.1-py3-none-any.whl.metadata (3.9 kB)
2026-07-21T13:17:54.812Z,Vritti,"Collecting altair<6,>=4.0 (from streamlit==1.35.0->-r requirements.txt (line 31))"
2026-07-21T13:17:54.812Z,Vritti,"Collecting altair<6,>=4.0 (from streamlit==1.35.0->-r requirements.txt (line 31))"
2026-07-21T13:17:54.826Z,Vritti,Downloading altair-5.5.0-py3-none-any.whl.metadata (11 kB)
2026-07-21T13:17:54.826Z,Vritti,Downloading altair-5.5.0-py3-none-any.whl.metadata (11 kB)
2026-07-21T13:17:54.861Z,Vritti,"Collecting blinker<2,>=1.0.0 (from streamlit==1.35.0->-r requirements.txt (line 31))"
2026-07-21T13:17:54.861Z,Vritti,"Collecting blinker<2,>=1.0.0 (from streamlit==1.35.0->-r requirements.txt (line 31))"
2026-07-21T13:17:54.876Z,Vritti,Downloading blinker-1.9.0-py3-none-any.whl.metadata (1.6 kB)
2026-07-21T13:17:54.876Z,Vritti,Downloading blinker-1.9.0-py3-none-any.whl.metadata (1.6 kB)
2026-07-21T13:17:54.923Z,Vritti,"Collecting cachetools<6,>=4.0 (from streamlit==1.35.0->-r requirements.txt (line 31))"
2026-07-21T13:17:54.923Z,Vritti,"Collecting cachetools<6,>=4.0 (from streamlit==1.35.0->-r requirements.txt (line 31))"
2026-07-21T13:17:54.937Z,Vritti,Downloading cachetools-5.5.2-py3-none-any.whl.metadata (5.4 kB)
2026-07-21T13:17:54.937Z,Vritti,Downloading cachetools-5.5.2-py3-none-any.whl.metadata (5.4 kB)
2026-07-21T13:17:55.003Z,Vritti,Collecting packaging>=20.0 (from transformers==4.41.2->-r requirements.txt (line 8))
2026-07-21T13:17:55.003Z,Vritti,Collecting packaging>=20.0 (from transformers==4.41.2->-r requirements.txt (line 8))
2026-07-21T13:17:55.016Z,Vritti,Downloading packaging-24.2-py3-none-any.whl.metadata (3.2 kB)
2026-07-21T13:17:55.016Z,Vritti,Downloading packaging-24.2-py3-none-any.whl.metadata (3.2 kB)
2026-07-21T13:17:55.270Z,Vritti,"Collecting pillow<11,>=7.1.0 (from streamlit==1.35.0->-r requirements.txt (line 31))"
2026-07-21T13:17:55.270Z,Vritti,"Collecting pillow<11,>=7.1.0 (from streamlit==1.35.0->-r requirements.txt (line 31))"
2026-07-21T13:17:55.289Z,Vritti,Downloading pillow-10.4.0-cp311-cp311-manylinux_2_28_x86_64.whl.metadata (9.2 kB)
2026-07-21T13:17:55.289Z,Vritti,Downloading pillow-10.4.0-cp311-cp311-manylinux_2_28_x86_64.whl.metadata (9.2 kB)
2026-07-21T13:17:55.579Z,Vritti,"Collecting protobuf<5,>=3.20 (from streamlit==1.35.0->-r requirements.txt (line 31))"
2026-07-21T13:17:55.579Z,Vritti,"Collecting protobuf<5,>=3.20 (from streamlit==1.35.0->-r requirements.txt (line 31))"
2026-07-21T13:17:55.595Z,Vritti,Downloading protobuf-4.25.9-cp37-abi3-manylinux2014_x86_64.whl.metadata (541 bytes)
2026-07-21T13:17:55.595Z,Vritti,Downloading protobuf-4.25.9-cp37-abi3-manylinux2014_x86_64.whl.metadata (541 bytes)
2026-07-21T13:17:55.717Z,Vritti,Collecting pyarrow>=7.0 (from streamlit==1.35.0->-r requirements.txt (line 31))
2026-07-21T13:17:55.717Z,Vritti,Collecting pyarrow>=7.0 (from streamlit==1.35.0->-r requirements.txt (line 31))
2026-07-21T13:17:55.736Z,Vritti,Downloading pyarrow-25.0.0-cp311-cp311-manylinux_2_28_x86_64.whl.metadata (3.0 kB)
2026-07-21T13:17:55.736Z,Vritti,Downloading pyarrow-25.0.0-cp311-cp311-manylinux_2_28_x86_64.whl.metadata (3.0 kB)
2026-07-21T13:17:55.851Z,Vritti,"Collecting rich<14,>=10.14.0 (from streamlit==1.35.0->-r requirements.txt (line 31))"
2026-07-21T13:17:55.851Z,Vritti,"Collecting rich<14,>=10.14.0 (from streamlit==1.35.0->-r requirements.txt (line 31))"
2026-07-21T13:17:55.866Z,Vritti,Downloading rich-13.9.4-py3-none-any.whl.metadata (18 kB)
2026-07-21T13:17:55.866Z,Vritti,Downloading rich-13.9.4-py3-none-any.whl.metadata (18 kB)
2026-07-21T13:17:55.911Z,Vritti,"Collecting tenacity<9,>=8.1.0 (from streamlit==1.35.0->-r requirements.txt (line 31))"
2026-07-21T13:17:55.911Z,Vritti,"Collecting tenacity<9,>=8.1.0 (from streamlit==1.35.0->-r requirements.txt (line 31))"
2026-07-21T13:17:55.929Z,Vritti,Downloading tenacity-8.5.0-py3-none-any.whl.metadata (1.2 kB)
2026-07-21T13:17:55.929Z,Vritti,Downloading tenacity-8.5.0-py3-none-any.whl.metadata (1.2 kB)
2026-07-21T13:17:55.954Z,Vritti,"Collecting toml<2,>=0.10.1 (from streamlit==1.35.0->-r requirements.txt (line 31))"
2026-07-21T13:17:55.954Z,Vritti,"Collecting toml<2,>=0.10.1 (from streamlit==1.35.0->-r requirements.txt (line 31))"
2026-07-21T13:17:55.970Z,Vritti,Downloading toml-0.10.2-py2.py3-none-any.whl.metadata (7.1 kB)
2026-07-21T13:17:55.970Z,Vritti,Downloading toml-0.10.2-py2.py3-none-any.whl.metadata (7.1 kB)
2026-07-21T13:17:56.040Z,Vritti,"Collecting gitpython!=3.1.19,<4,>=3.0.7 (from streamlit==1.35.0->-r requirements.txt (line 31))"
2026-07-21T13:17:56.040Z,Vritti,"Collecting gitpython!=3.1.19,<4,>=3.0.7 (from streamlit==1.35.0->-r requirements.txt (line 31))"
2026-07-21T13:17:56.054Z,Vritti,Downloading gitpython-3.1.53-py3-none-any.whl.metadata (14 kB)
2026-07-21T13:17:56.054Z,Vritti,Downloading gitpython-3.1.53-py3-none-any.whl.metadata (14 kB)
2026-07-21T13:17:56.102Z,Vritti,"Collecting pydeck<1,>=0.8.0b4 (from streamlit==1.35.0->-r requirements.txt (line 31))"
2026-07-21T13:17:56.102Z,Vritti,"Collecting pydeck<1,>=0.8.0b4 (from streamlit==1.35.0->-r requirements.txt (line 31))"
2026-07-21T13:17:56.116Z,Vritti,Downloading pydeck-0.9.3-py2.py3-none-any.whl.metadata (4.2 kB)
2026-07-21T13:17:56.116Z,Vritti,Downloading pydeck-0.9.3-py2.py3-none-any.whl.metadata (4.2 kB)
2026-07-21T13:17:56.178Z,Vritti,"Collecting tornado<7,>=6.0.3 (from streamlit==1.35.0->-r requirements.txt (line 31))"
2026-07-21T13:17:56.178Z,Vritti,"Collecting tornado<7,>=6.0.3 (from streamlit==1.35.0->-r requirements.txt (line 31))"
2026-07-21T13:17:56.193Z,Vritti,Downloading tornado-6.5.7-cp39-abi3-manylinux1_x86_64.manylinux_2_28_x86_64.manylinux_2_5_x86_64.whl.metadata (2.8 kB)
2026-07-21T13:17:56.193Z,Vritti,Downloading tornado-6.5.7-cp39-abi3-manylinux1_x86_64.manylinux_2_28_x86_64.manylinux_2_5_x86_64.whl.metadata (2.8 kB)
2026-07-21T13:17:56.272Z,Vritti,Collecting watchdog>=2.1.5 (from streamlit==1.35.0->-r requirements.txt (line 31))
2026-07-21T13:17:56.272Z,Vritti,Collecting watchdog>=2.1.5 (from streamlit==1.35.0->-r requirements.txt (line 31))
2026-07-21T13:17:56.286Z,Vritti,Downloading watchdog-6.0.0-py3-none-manylinux2014_x86_64.whl.metadata (44 kB)
2026-07-21T13:17:56.286Z,Vritti,Downloading watchdog-6.0.0-py3-none-manylinux2014_x86_64.whl.metadata (44 kB)
2026-07-21T13:17:56.293Z,Vritti,━━━━━━━━━━━━━━━━━━━━━━━━━━━━━━━━━━━━━━━━ 44.3/44.3 kB 10.3 MB/s eta 0:00:00
2026-07-21T13:17:56.293Z,Vritti,
2026-07-21T13:17:56.293Z,Vritti,━━━━━━━━━━━━━━━━━━━━━━━━━━━━━━━━━━━━━━━━ 44.3/44.3 kB 10.3 MB/s eta 0:00:00
2026-07-21T13:17:56.293Z,Vritti,
2026-07-21T13:17:56.347Z,Vritti,Collecting iniconfig (from pytest==8.2.2->-r requirements.txt (line 35))
2026-07-21T13:17:56.347Z,Vritti,Collecting iniconfig (from pytest==8.2.2->-r requirements.txt (line 35))
2026-07-21T13:17:56.364Z,Vritti,Downloading iniconfig-2.3.0-py3-none-any.whl.metadata (2.5 kB)
2026-07-21T13:17:56.364Z,Vritti,Downloading iniconfig-2.3.0-py3-none-any.whl.metadata (2.5 kB)
2026-07-21T13:17:56.402Z,Vritti,"Collecting pluggy<2.0,>=1.5 (from pytest==8.2.2->-r requirements.txt (line 35))"
2026-07-21T13:17:56.402Z,Vritti,"Collecting pluggy<2.0,>=1.5 (from pytest==8.2.2->-r requirements.txt (line 35))"
2026-07-21T13:17:56.417Z,Vritti,Downloading pluggy-1.6.0-py3-none-any.whl.metadata (4.8 kB)
2026-07-21T13:17:56.417Z,Vritti,Downloading pluggy-1.6.0-py3-none-any.whl.metadata (4.8 kB)
2026-07-21T13:17:56.486Z,Vritti,"Collecting mccabe<0.8.0,>=0.7.0 (from flake8==7.1.0->-r requirements.txt (line 37))"
2026-07-21T13:17:56.486Z,Vritti,"Collecting mccabe<0.8.0,>=0.7.0 (from flake8==7.1.0->-r requirements.txt (line 37))"
2026-07-21T13:17:56.517Z,Vritti,Downloading mccabe-0.7.0-py2.py3-none-any.whl.metadata (5.0 kB)
2026-07-21T13:17:56.517Z,Vritti,Downloading mccabe-0.7.0-py2.py3-none-any.whl.metadata (5.0 kB)
2026-07-21T13:17:56.553Z,Vritti,"Collecting pycodestyle<2.13.0,>=2.12.0 (from flake8==7.1.0->-r requirements.txt (line 37))"
2026-07-21T13:17:56.553Z,Vritti,"Collecting pycodestyle<2.13.0,>=2.12.0 (from flake8==7.1.0->-r requirements.txt (line 37))"
2026-07-21T13:17:56.568Z,Vritti,Downloading pycodestyle-2.12.1-py2.py3-none-any.whl.metadata (4.5 kB)
2026-07-21T13:17:56.568Z,Vritti,Downloading pycodestyle-2.12.1-py2.py3-none-any.whl.metadata (4.5 kB)
2026-07-21T13:17:56.599Z,Vritti,"Collecting pyflakes<3.3.0,>=3.2.0 (from flake8==7.1.0->-r requirements.txt (line 37))"
2026-07-21T13:17:56.599Z,Vritti,"Collecting pyflakes<3.3.0,>=3.2.0 (from flake8==7.1.0->-r requirements.txt (line 37))"
2026-07-21T13:17:56.611Z,Vritti,Downloading pyflakes-3.2.0-py2.py3-none-any.whl.metadata (3.5 kB)
2026-07-21T13:17:56.611Z,Vritti,Downloading pyflakes-3.2.0-py2.py3-none-any.whl.metadata (3.5 kB)
2026-07-21T13:17:56.655Z,Vritti,Collecting mypy-extensions>=0.4.3 (from black==24.4.2->-r requirements.txt (line 38))
2026-07-21T13:17:56.655Z,Vritti,Collecting mypy-extensions>=0.4.3 (from black==24.4.2->-r requirements.txt (line 38))
2026-07-21T13:17:56.669Z,Vritti,Downloading mypy_extensions-1.1.0-py3-none-any.whl.metadata (1.1 kB)
2026-07-21T13:17:56.669Z,Vritti,Downloading mypy_extensions-1.1.0-py3-none-any.whl.metadata (1.1 kB)
2026-07-21T13:17:56.706Z,Vritti,Collecting pathspec>=0.9.0 (from black==24.4.2->-r requirements.txt (line 38))
2026-07-21T13:17:56.706Z,Vritti,Collecting pathspec>=0.9.0 (from black==24.4.2->-r requirements.txt (line 38))
2026-07-21T13:17:56.720Z,Vritti,Downloading pathspec-1.1.1-py3-none-any.whl.metadata (14 kB)
2026-07-21T13:17:56.720Z,Vritti,Downloading pathspec-1.1.1-py3-none-any.whl.metadata (14 kB)
2026-07-21T13:17:56.767Z,Vritti,Collecting platformdirs>=2 (from black==24.4.2->-r requirements.txt (line 38))
2026-07-21T13:17:56.767Z,Vritti,Collecting platformdirs>=2 (from black==24.4.2->-r requirements.txt (line 38))
2026-07-21T13:17:56.781Z,Vritti,Downloading platformdirs-4.11.0-py3-none-any.whl.metadata (5.5 kB)
2026-07-21T13:17:56.781Z,Vritti,Downloading platformdirs-4.11.0-py3-none-any.whl.metadata (5.5 kB)
2026-07-21T13:17:56.853Z,Vritti,Collecting async-lru>=1.0.0 (from jupyterlab==4.2.2->-r requirements.txt (line 42))
2026-07-21T13:17:56.853Z,Vritti,Collecting async-lru>=1.0.0 (from jupyterlab==4.2.2->-r requirements.txt (line 42))
2026-07-21T13:17:56.868Z,Vritti,Downloading async_lru-2.3.0-py3-none-any.whl.metadata (7.6 kB)
2026-07-21T13:17:56.868Z,Vritti,Downloading async_lru-2.3.0-py3-none-any.whl.metadata (7.6 kB)
2026-07-21T13:17:56.945Z,Vritti,Collecting ipykernel>=6.5.0 (from jupyterlab==4.2.2->-r requirements.txt (line 42))
2026-07-21T13:17:56.945Z,Vritti,Collecting ipykernel>=6.5.0 (from jupyterlab==4.2.2->-r requirements.txt (line 42))
2026-07-21T13:17:56.962Z,Vritti,Downloading ipykernel-7.3.0-py3-none-any.whl.metadata (4.5 kB)
2026-07-21T13:17:56.962Z,Vritti,Downloading ipykernel-7.3.0-py3-none-any.whl.metadata (4.5 kB)
2026-07-21T13:17:57.000Z,Vritti,Collecting jupyter-core (from jupyterlab==4.2.2->-r requirements.txt (line 42))
2026-07-21T13:17:57.000Z,Vritti,Collecting jupyter-core (from jupyterlab==4.2.2->-r requirements.txt (line 42))
2026-07-21T13:17:57.015Z,Vritti,Downloading jupyter_core-5.9.1-py3-none-any.whl.metadata (1.5 kB)
2026-07-21T13:17:57.015Z,Vritti,Downloading jupyter_core-5.9.1-py3-none-any.whl.metadata (1.5 kB)
2026-07-21T13:17:57.046Z,Vritti,Collecting jupyter-lsp>=2.0.0 (from jupyterlab==4.2.2->-r requirements.txt (line 42))
2026-07-21T13:17:57.046Z,Vritti,Collecting jupyter-lsp>=2.0.0 (from jupyterlab==4.2.2->-r requirements.txt (line 42))
2026-07-21T13:17:57.060Z,Vritti,Downloading jupyter_lsp-2.3.1-py3-none-any.whl.metadata (1.8 kB)
2026-07-21T13:17:57.060Z,Vritti,Downloading jupyter_lsp-2.3.1-py3-none-any.whl.metadata (1.8 kB)
2026-07-21T13:17:57.127Z,Vritti,"Collecting jupyter-server<3,>=2.4.0 (from jupyterlab==4.2.2->-r requirements.txt (line 42))"
2026-07-21T13:17:57.127Z,Vritti,"Collecting jupyter-server<3,>=2.4.0 (from jupyterlab==4.2.2->-r requirements.txt (line 42))"
2026-07-21T13:17:57.143Z,Vritti,Downloading jupyter_server-2.20.0-py3-none-any.whl.metadata (8.5 kB)
2026-07-21T13:17:57.143Z,Vritti,Downloading jupyter_server-2.20.0-py3-none-any.whl.metadata (8.5 kB)
2026-07-21T13:17:57.203Z,Vritti,"Collecting jupyterlab-server<3,>=2.27.1 (from jupyterlab==4.2.2->-r requirements.txt (line 42))"
2026-07-21T13:17:57.203Z,Vritti,"Collecting jupyterlab-server<3,>=2.27.1 (from jupyterlab==4.2.2->-r requirements.txt (line 42))"
2026-07-21T13:17:57.216Z,Vritti,Downloading jupyterlab_server-2.28.0-py3-none-any.whl.metadata (5.9 kB)
2026-07-21T13:17:57.216Z,Vritti,Downloading jupyterlab_server-2.28.0-py3-none-any.whl.metadata (5.9 kB)
2026-07-21T13:17:57.243Z,Vritti,Collecting notebook-shim>=0.2 (from jupyterlab==4.2.2->-r requirements.txt (line 42))
2026-07-21T13:17:57.243Z,Vritti,Collecting notebook-shim>=0.2 (from jupyterlab==4.2.2->-r requirements.txt (line 42))
2026-07-21T13:17:57.259Z,Vritti,Downloading notebook_shim-0.2.4-py3-none-any.whl.metadata (4.0 kB)
2026-07-21T13:17:57.259Z,Vritti,Downloading notebook_shim-0.2.4-py3-none-any.whl.metadata (4.0 kB)
2026-07-21T13:17:57.264Z,Vritti,Requirement already satisfied: setuptools>=40.1.0 in /usr/local/lib/python3.11/site-packages (from jupyterlab==4.2.2->-r requirements.txt (line 42)) (79.0.1)
2026-07-21T13:17:57.264Z,Vritti,Requirement already satisfied: setuptools>=40.1.0 in /usr/local/lib/python3.11/site-packages (from jupyterlab==4.2.2->-r requirements.txt (line 42)) (79.0.1)
2026-07-21T13:17:57.306Z,Vritti,Collecting traitlets (from jupyterlab==4.2.2->-r requirements.txt (line 42))
2026-07-21T13:17:57.306Z,Vritti,Collecting traitlets (from jupyterlab==4.2.2->-r requirements.txt (line 42))
2026-07-21T13:17:57.323Z,Vritti,Downloading traitlets-5.15.1-py3-none-any.whl.metadata (10 kB)
2026-07-21T13:17:57.323Z,Vritti,Downloading traitlets-5.15.1-py3-none-any.whl.metadata (10 kB)
2026-07-21T13:17:57.378Z,Vritti,Collecting nltk>=3.8 (from textblob==0.18.0->-r requirements.txt (line 43))
2026-07-21T13:17:57.378Z,Vritti,Collecting nltk>=3.8 (from textblob==0.18.0->-r requirements.txt (line 43))
2026-07-21T13:17:57.395Z,Vritti,Downloading nltk-3.10.0-py3-none-any.whl.metadata (3.2 kB)
2026-07-21T13:17:57.395Z,Vritti,Downloading nltk-3.10.0-py3-none-any.whl.metadata (3.2 kB)
2026-07-21T13:17:57.480Z,Vritti,Collecting httptools>=0.5.0 (from uvicorn[standard]==0.30.1->-r requirements.txt (line 26))
2026-07-21T13:17:57.480Z,Vritti,Collecting httptools>=0.5.0 (from uvicorn[standard]==0.30.1->-r requirements.txt (line 26))
2026-07-21T13:17:57.494Z,Vritti,Downloading httptools-0.8.0-cp311-cp311-manylinux1_x86_64.manylinux_2_28_x86_64.manylinux_2_5_x86_64.whl.metadata (3.5 kB)
2026-07-21T13:17:57.494Z,Vritti,Downloading httptools-0.8.0-cp311-cp311-manylinux1_x86_64.manylinux_2_28_x86_64.manylinux_2_5_x86_64.whl.metadata (3.5 kB)
2026-07-21T13:17:57.580Z,Vritti,"Collecting uvloop!=0.15.0,!=0.15.1,>=0.14.0 (from uvicorn[standard]==0.30.1->-r requirements.txt (line 26))"
2026-07-21T13:17:57.580Z,Vritti,"Collecting uvloop!=0.15.0,!=0.15.1,>=0.14.0 (from uvicorn[standard]==0.30.1->-r requirements.txt (line 26))"
2026-07-21T13:17:57.596Z,Vritti,Downloading uvloop-0.22.1-cp311-cp311-manylinux2014_x86_64.manylinux_2_17_x86_64.manylinux_2_28_x86_64.whl.metadata (4.9 kB)
2026-07-21T13:17:57.596Z,Vritti,Downloading uvloop-0.22.1-cp311-cp311-manylinux2014_x86_64.manylinux_2_17_x86_64.manylinux_2_28_x86_64.whl.metadata (4.9 kB)
2026-07-21T13:17:57.711Z,Vritti,Collecting watchfiles>=0.13 (from uvicorn[standard]==0.30.1->-r requirements.txt (line 26))
2026-07-21T13:17:57.711Z,Vritti,Collecting watchfiles>=0.13 (from uvicorn[standard]==0.30.1->-r requirements.txt (line 26))
2026-07-21T13:17:57.724Z,Vritti,Downloading watchfiles-1.2.0-cp311-cp311-manylinux_2_17_x86_64.manylinux2014_x86_64.whl.metadata (4.9 kB)
2026-07-21T13:17:57.724Z,Vritti,Downloading watchfiles-1.2.0-cp311-cp311-manylinux_2_17_x86_64.manylinux2014_x86_64.whl.metadata (4.9 kB)
2026-07-21T13:17:57.945Z,Vritti,"Collecting jsonschema>=3.0 (from altair<6,>=4.0->streamlit==1.35.0->-r requirements.txt (line 31))"
2026-07-21T13:17:57.945Z,Vritti,"Collecting jsonschema>=3.0 (from altair<6,>=4.0->streamlit==1.35.0->-r requirements.txt (line 31))"
2026-07-21T13:17:57.959Z,Vritti,Downloading jsonschema-4.26.0-py3-none-any.whl.metadata (7.6 kB)
2026-07-21T13:17:57.959Z,Vritti,Downloading jsonschema-4.26.0-py3-none-any.whl.metadata (7.6 kB)
2026-07-21T13:17:58.046Z,Vritti,"Collecting narwhals>=1.14.2 (from altair<6,>=4.0->streamlit==1.35.0->-r requirements.txt (line 31))"
2026-07-21T13:17:58.046Z,Vritti,"Collecting narwhals>=1.14.2 (from altair<6,>=4.0->streamlit==1.35.0->-r requirements.txt (line 31))"
2026-07-21T13:17:58.061Z,Vritti,Downloading narwhals-2.24.0-py3-none-any.whl.metadata (15 kB)
2026-07-21T13:17:58.061Z,Vritti,Downloading narwhals-2.24.0-py3-none-any.whl.metadata (15 kB)
2026-07-21T13:17:58.182Z,Vritti,Collecting dnspython>=2.0.0 (from email_validator>=2.0.0->fastapi==0.111.0->-r requirements.txt (line 25))
2026-07-21T13:17:58.182Z,Vritti,Collecting dnspython>=2.0.0 (from email_validator>=2.0.0->fastapi==0.111.0->-r requirements.txt (line 25))
2026-07-21T13:17:58.197Z,Vritti,Downloading dnspython-2.8.0-py3-none-any.whl.metadata (5.7 kB)
2026-07-21T13:17:58.197Z,Vritti,Downloading dnspython-2.8.0-py3-none-any.whl.metadata (5.7 kB)
2026-07-21T13:17:58.264Z,Vritti,Collecting typer>=0.16.0 (from fastapi-cli>=0.0.2->fastapi==0.111.0->-r requirements.txt (line 25))
2026-07-21T13:17:58.264Z,Vritti,Collecting typer>=0.16.0 (from fastapi-cli>=0.0.2->fastapi==0.111.0->-r requirements.txt (line 25))
2026-07-21T13:17:58.278Z,Vritti,Downloading typer-0.27.0-py3-none-any.whl.metadata (15 kB)
2026-07-21T13:17:58.278Z,Vritti,Downloading typer-0.27.0-py3-none-any.whl.metadata (15 kB)
2026-07-21T13:17:58.320Z,Vritti,Collecting rich-toolkit>=0.14.8 (from fastapi-cli>=0.0.2->fastapi==0.111.0->-r requirements.txt (line 25))
2026-07-21T13:17:58.320Z,Vritti,Collecting rich-toolkit>=0.14.8 (from fastapi-cli>=0.0.2->fastapi==0.111.0->-r requirements.txt (line 25))
2026-07-21T13:17:58.339Z,Vritti,Downloading rich_toolkit-0.20.3-py3-none-any.whl.metadata (1.0 kB)
2026-07-21T13:17:58.339Z,Vritti,Downloading rich_toolkit-0.20.3-py3-none-any.whl.metadata (1.0 kB)
2026-07-21T13:17:58.398Z,Vritti,"Collecting gitdb<5,>=4.0.1 (from gitpython!=3.1.19,<4,>=3.0.7->streamlit==1.35.0->-r requirements.txt (line 31))"
2026-07-21T13:17:58.398Z,Vritti,"Collecting gitdb<5,>=4.0.1 (from gitpython!=3.1.19,<4,>=3.0.7->streamlit==1.35.0->-r requirements.txt (line 31))"
2026-07-21T13:17:58.412Z,Vritti,Downloading gitdb-4.0.12-py3-none-any.whl.metadata (1.2 kB)
2026-07-21T13:17:58.412Z,Vritti,Downloading gitdb-4.0.12-py3-none-any.whl.metadata (1.2 kB)
2026-07-21T13:17:58.611Z,Vritti,"Collecting hf-xet<2.0.0,>=1.1.3 (from huggingface-hub<1.0,>=0.23.0->transformers==4.41.2->-r requirements.txt (line 8))"
2026-07-21T13:17:58.611Z,Vritti,"Collecting hf-xet<2.0.0,>=1.1.3 (from huggingface-hub<1.0,>=0.23.0->transformers==4.41.2->-r requirements.txt (line 8))"
2026-07-21T13:17:58.641Z,Vritti,Downloading hf_xet-1.5.2-cp38-abi3-manylinux2014_x86_64.manylinux_2_17_x86_64.whl.metadata (4.9 kB)
2026-07-21T13:17:58.641Z,Vritti,Downloading hf_xet-1.5.2-cp38-abi3-manylinux2014_x86_64.manylinux_2_17_x86_64.whl.metadata (4.9 kB)
2026-07-21T13:17:58.835Z,Vritti,Collecting comm>=0.1.1 (from ipykernel>=6.5.0->jupyterlab==4.2.2->-r requirements.txt (line 42))
2026-07-21T13:17:58.835Z,Vritti,Collecting comm>=0.1.1 (from ipykernel>=6.5.0->jupyterlab==4.2.2->-r requirements.txt (line 42))
2026-07-21T13:17:58.855Z,Vritti,Downloading comm-0.2.3-py3-none-any.whl.metadata (3.7 kB)
2026-07-21T13:17:58.855Z,Vritti,Downloading comm-0.2.3-py3-none-any.whl.metadata (3.7 kB)
2026-07-21T13:17:59.006Z,Vritti,Collecting debugpy>=1.6.5 (from ipykernel>=6.5.0->jupyterlab==4.2.2->-r requirements.txt (line 42))
2026-07-21T13:17:59.006Z,Vritti,Collecting debugpy>=1.6.5 (from ipykernel>=6.5.0->jupyterlab==4.2.2->-r requirements.txt (line 42))
2026-07-21T13:17:59.051Z,Vritti,Downloading debugpy-1.8.21-cp311-cp311-manylinux_2_34_x86_64.whl.metadata (1.4 kB)
2026-07-21T13:17:59.051Z,Vritti,Downloading debugpy-1.8.21-cp311-cp311-manylinux_2_34_x86_64.whl.metadata (1.4 kB)
2026-07-21T13:17:59.472Z,Vritti,Collecting ipython>=7.23.1 (from ipykernel>=6.5.0->jupyterlab==4.2.2->-r requirements.txt (line 42))
2026-07-21T13:17:59.472Z,Vritti,Collecting ipython>=7.23.1 (from ipykernel>=6.5.0->jupyterlab==4.2.2->-r requirements.txt (line 42))
2026-07-21T13:17:59.492Z,Vritti,Downloading ipython-9.15.0-py3-none-any.whl.metadata (4.7 kB)
2026-07-21T13:17:59.492Z,Vritti,Downloading ipython-9.15.0-py3-none-any.whl.metadata (4.7 kB)
2026-07-21T13:17:59.568Z,Vritti,Collecting jupyter-client>=8.9.0 (from ipykernel>=6.5.0->jupyterlab==4.2.2->-r requirements.txt (line 42))
2026-07-21T13:17:59.568Z,Vritti,Collecting jupyter-client>=8.9.0 (from ipykernel>=6.5.0->jupyterlab==4.2.2->-r requirements.txt (line 42))
2026-07-21T13:17:59.583Z,Vritti,Downloading jupyter_client-8.9.1-py3-none-any.whl.metadata (8.5 kB)
2026-07-21T13:17:59.583Z,Vritti,Downloading jupyter_client-8.9.1-py3-none-any.whl.metadata (8.5 kB)
2026-07-21T13:17:59.638Z,Vritti,Collecting matplotlib-inline>=0.1 (from ipykernel>=6.5.0->jupyterlab==4.2.2->-r requirements.txt (line 42))
2026-07-21T13:17:59.638Z,Vritti,Collecting matplotlib-inline>=0.1 (from ipykernel>=6.5.0->jupyterlab==4.2.2->-r requirements.txt (line 42))
2026-07-21T13:17:59.653Z,Vritti,Downloading matplotlib_inline-0.2.2-py3-none-any.whl.metadata (2.4 kB)
2026-07-21T13:17:59.653Z,Vritti,Downloading matplotlib_inline-0.2.2-py3-none-any.whl.metadata (2.4 kB)
2026-07-21T13:17:59.680Z,Vritti,Collecting nest-asyncio2>=1.7.0 (from ipykernel>=6.5.0->jupyterlab==4.2.2->-r requirements.txt (line 42))
2026-07-21T13:17:59.680Z,Vritti,Collecting nest-asyncio2>=1.7.0 (from ipykernel>=6.5.0->jupyterlab==4.2.2->-r requirements.txt (line 42))
2026-07-21T13:17:59.696Z,Vritti,Downloading nest_asyncio2-1.7.2-py3-none-any.whl.metadata (6.3 kB)
2026-07-21T13:17:59.696Z,Vritti,Downloading nest_asyncio2-1.7.2-py3-none-any.whl.metadata (6.3 kB)
2026-07-21T13:17:59.813Z,Vritti,Collecting psutil>=5.7 (from ipykernel>=6.5.0->jupyterlab==4.2.2->-r requirements.txt (line 42))
2026-07-21T13:17:59.813Z,Vritti,Collecting psutil>=5.7 (from ipykernel>=6.5.0->jupyterlab==4.2.2->-r requirements.txt (line 42))
2026-07-21T13:17:59.853Z,Vritti,Downloading psutil-7.2.2-cp36-abi3-manylinux2010_x86_64.manylinux_2_12_x86_64.manylinux_2_28_x86_64.whl.metadata (22 kB)
2026-07-21T13:17:59.853Z,Vritti,Downloading psutil-7.2.2-cp36-abi3-manylinux2010_x86_64.manylinux_2_12_x86_64.manylinux_2_28_x86_64.whl.metadata (22 kB)
2026-07-21T13:18:00.174Z,Vritti,Collecting pyzmq>=25 (from ipykernel>=6.5.0->jupyterlab==4.2.2->-r requirements.txt (line 42))
2026-07-21T13:18:00.174Z,Vritti,Collecting pyzmq>=25 (from ipykernel>=6.5.0->jupyterlab==4.2.2->-r requirements.txt (line 42))
2026-07-21T13:18:00.199Z,Vritti,Downloading pyzmq-27.1.0-cp311-cp311-manylinux_2_26_x86_64.manylinux_2_28_x86_64.whl.metadata (6.0 kB)
2026-07-21T13:18:00.199Z,Vritti,Downloading pyzmq-27.1.0-cp311-cp311-manylinux_2_26_x86_64.manylinux_2_28_x86_64.whl.metadata (6.0 kB)
2026-07-21T13:18:00.293Z,Vritti,Collecting MarkupSafe>=2.0 (from jinja2->torch==2.7.1->-r requirements.txt (line 9))
2026-07-21T13:18:00.293Z,Vritti,Collecting MarkupSafe>=2.0 (from jinja2->torch==2.7.1->-r requirements.txt (line 9))
2026-07-21T13:18:00.308Z,Vritti,Downloading markupsafe-3.0.3-cp311-cp311-manylinux2014_x86_64.manylinux_2_17_x86_64.manylinux_2_28_x86_64.whl.metadata (2.7 kB)
2026-07-21T13:18:00.308Z,Vritti,Downloading markupsafe-3.0.3-cp311-cp311-manylinux2014_x86_64.manylinux_2_17_x86_64.manylinux_2_28_x86_64.whl.metadata (2.7 kB)
2026-07-21T13:18:00.495Z,Vritti,"Collecting argon2-cffi>=21.1 (from jupyter-server<3,>=2.4.0->jupyterlab==4.2.2->-r requirements.txt (line 42))"
2026-07-21T13:18:00.495Z,Vritti,"Collecting argon2-cffi>=21.1 (from jupyter-server<3,>=2.4.0->jupyterlab==4.2.2->-r requirements.txt (line 42))"
2026-07-21T13:18:00.524Z,Vritti,Downloading argon2_cffi-25.1.0-py3-none-any.whl.metadata (4.1 kB)
2026-07-21T13:18:00.524Z,Vritti,Downloading argon2_cffi-25.1.0-py3-none-any.whl.metadata (4.1 kB)
2026-07-21T13:18:00.566Z,Vritti,"Collecting jupyter-events>=0.11.0 (from jupyter-server<3,>=2.4.0->jupyterlab==4.2.2->-r requirements.txt (line 42))"
2026-07-21T13:18:00.566Z,Vritti,"Collecting jupyter-events>=0.11.0 (from jupyter-server<3,>=2.4.0->jupyterlab==4.2.2->-r requirements.txt (line 42))"
2026-07-21T13:18:00.581Z,Vritti,Downloading jupyter_events-0.12.1-py3-none-any.whl.metadata (5.8 kB)
2026-07-21T13:18:00.581Z,Vritti,Downloading jupyter_events-0.12.1-py3-none-any.whl.metadata (5.8 kB)
2026-07-21T13:18:00.612Z,Vritti,"Collecting jupyter-server-terminals>=0.4.4 (from jupyter-server<3,>=2.4.0->jupyterlab==4.2.2->-r requirements.txt (line 42))"
2026-07-21T13:18:00.612Z,Vritti,"Collecting jupyter-server-terminals>=0.4.4 (from jupyter-server<3,>=2.4.0->jupyterlab==4.2.2->-r requirements.txt (line 42))"
2026-07-21T13:18:00.626Z,Vritti,Downloading jupyter_server_terminals-0.5.4-py3-none-any.whl.metadata (5.9 kB)
2026-07-21T13:18:00.626Z,Vritti,Downloading jupyter_server_terminals-0.5.4-py3-none-any.whl.metadata (5.9 kB)
2026-07-21T13:18:00.682Z,Vritti,"Collecting nbconvert>=6.4.4 (from jupyter-server<3,>=2.4.0->jupyterlab==4.2.2->-r requirements.txt (line 42))"
2026-07-21T13:18:00.682Z,Vritti,"Collecting nbconvert>=6.4.4 (from jupyter-server<3,>=2.4.0->jupyterlab==4.2.2->-r requirements.txt (line 42))"
2026-07-21T13:18:00.706Z,Vritti,Downloading nbconvert-7.17.1-py3-none-any.whl.metadata (8.4 kB)
2026-07-21T13:18:00.706Z,Vritti,Downloading nbconvert-7.17.1-py3-none-any.whl.metadata (8.4 kB)
2026-07-21T13:18:00.748Z,Vritti,"Collecting nbformat>=5.3.0 (from jupyter-server<3,>=2.4.0->jupyterlab==4.2.2->-r requirements.txt (line 42))"
2026-07-21T13:18:00.748Z,Vritti,"Collecting nbformat>=5.3.0 (from jupyter-server<3,>=2.4.0->jupyterlab==4.2.2->-r requirements.txt (line 42))"
2026-07-21T13:18:00.770Z,Vritti,Downloading nbformat-5.10.4-py3-none-any.whl.metadata (3.6 kB)
2026-07-21T13:18:00.770Z,Vritti,Downloading nbformat-5.10.4-py3-none-any.whl.metadata (3.6 kB)
2026-07-21T13:18:00.804Z,Vritti,"Collecting overrides>=5.0 (from jupyter-server<3,>=2.4.0->jupyterlab==4.2.2->-r requirements.txt (line 42))"
2026-07-21T13:18:00.804Z,Vritti,"Collecting overrides>=5.0 (from jupyter-server<3,>=2.4.0->jupyterlab==4.2.2->-r requirements.txt (line 42))"
2026-07-21T13:18:00.818Z,Vritti,Downloading overrides-7.7.0-py3-none-any.whl.metadata (5.8 kB)
2026-07-21T13:18:00.818Z,Vritti,Downloading overrides-7.7.0-py3-none-any.whl.metadata (5.8 kB)
2026-07-21T13:18:00.854Z,Vritti,"Collecting prometheus-client>=0.9 (from jupyter-server<3,>=2.4.0->jupyterlab==4.2.2->-r requirements.txt (line 42))"
2026-07-21T13:18:00.854Z,Vritti,"Collecting prometheus-client>=0.9 (from jupyter-server<3,>=2.4.0->jupyterlab==4.2.2->-r requirements.txt (line 42))"
2026-07-21T13:18:00.871Z,Vritti,Downloading prometheus_client-0.25.0-py3-none-any.whl.metadata (2.1 kB)
2026-07-21T13:18:00.871Z,Vritti,Downloading prometheus_client-0.25.0-py3-none-any.whl.metadata (2.1 kB)
2026-07-21T13:18:00.906Z,Vritti,"Collecting send2trash>=1.8.2 (from jupyter-server<3,>=2.4.0->jupyterlab==4.2.2->-r requirements.txt (line 42))"
2026-07-21T13:18:00.906Z,Vritti,"Collecting send2trash>=1.8.2 (from jupyter-server<3,>=2.4.0->jupyterlab==4.2.2->-r requirements.txt (line 42))"
2026-07-21T13:18:00.920Z,Vritti,Downloading send2trash-2.1.0-py3-none-any.whl.metadata (4.1 kB)
2026-07-21T13:18:00.920Z,Vritti,Downloading send2trash-2.1.0-py3-none-any.whl.metadata (4.1 kB)
2026-07-21T13:18:00.953Z,Vritti,"Collecting terminado>=0.8.3 (from jupyter-server<3,>=2.4.0->jupyterlab==4.2.2->-r requirements.txt (line 42))"
2026-07-21T13:18:00.953Z,Vritti,"Collecting terminado>=0.8.3 (from jupyter-server<3,>=2.4.0->jupyterlab==4.2.2->-r requirements.txt (line 42))"
2026-07-21T13:18:00.966Z,Vritti,Downloading terminado-0.18.1-py3-none-any.whl.metadata (5.8 kB)
2026-07-21T13:18:00.966Z,Vritti,Downloading terminado-0.18.1-py3-none-any.whl.metadata (5.8 kB)
2026-07-21T13:18:01.014Z,Vritti,"Collecting websocket-client>=1.7 (from jupyter-server<3,>=2.4.0->jupyterlab==4.2.2->-r requirements.txt (line 42))"
2026-07-21T13:18:01.014Z,Vritti,"Collecting websocket-client>=1.7 (from jupyter-server<3,>=2.4.0->jupyterlab==4.2.2->-r requirements.txt (line 42))"
2026-07-21T13:18:01.030Z,Vritti,Downloading websocket_client-1.9.0-py3-none-any.whl.metadata (8.3 kB)
2026-07-21T13:18:01.030Z,Vritti,Downloading websocket_client-1.9.0-py3-none-any.whl.metadata (8.3 kB)
2026-07-21T13:18:01.126Z,Vritti,"Collecting babel>=2.10 (from jupyterlab-server<3,>=2.27.1->jupyterlab==4.2.2->-r requirements.txt (line 42))"
2026-07-21T13:18:01.126Z,Vritti,"Collecting babel>=2.10 (from jupyterlab-server<3,>=2.27.1->jupyterlab==4.2.2->-r requirements.txt (line 42))"
2026-07-21T13:18:01.147Z,Vritti,Downloading babel-2.18.0-py3-none-any.whl.metadata (2.2 kB)
2026-07-21T13:18:01.147Z,Vritti,Downloading babel-2.18.0-py3-none-any.whl.metadata (2.2 kB)
2026-07-21T13:18:01.192Z,Vritti,"Collecting json5>=0.9.0 (from jupyterlab-server<3,>=2.27.1->jupyterlab==4.2.2->-r requirements.txt (line 42))"
2026-07-21T13:18:01.192Z,Vritti,"Collecting json5>=0.9.0 (from jupyterlab-server<3,>=2.27.1->jupyterlab==4.2.2->-r requirements.txt (line 42))"
2026-07-21T13:18:01.210Z,Vritti,Downloading json5-0.15.0-py3-none-any.whl.metadata (37 kB)
2026-07-21T13:18:01.210Z,Vritti,Downloading json5-0.15.0-py3-none-any.whl.metadata (37 kB)
2026-07-21T13:18:01.333Z,Vritti,Collecting defusedxml (from nltk>=3.8->textblob==0.18.0->-r requirements.txt (line 43))
2026-07-21T13:18:01.333Z,Vritti,Collecting defusedxml (from nltk>=3.8->textblob==0.18.0->-r requirements.txt (line 43))
2026-07-21T13:18:01.348Z,Vritti,Downloading defusedxml-0.7.1-py2.py3-none-any.whl.metadata (32 kB)
2026-07-21T13:18:01.348Z,Vritti,Downloading defusedxml-0.7.1-py2.py3-none-any.whl.metadata (32 kB)
2026-07-21T13:18:01.629Z,Vritti,Collecting six>=1.5 (from python-dateutil>=2.8.2->pandas==2.2.2->-r requirements.txt (line 14))
2026-07-21T13:18:01.629Z,Vritti,Collecting six>=1.5 (from python-dateutil>=2.8.2->pandas==2.2.2->-r requirements.txt (line 14))
2026-07-21T13:18:01.668Z,Vritti,Downloading six-1.17.0-py2.py3-none-any.whl.metadata (1.7 kB)
2026-07-21T13:18:01.668Z,Vritti,Downloading six-1.17.0-py2.py3-none-any.whl.metadata (1.7 kB)
2026-07-21T13:18:01.941Z,Vritti,"Collecting charset_normalizer<4,>=2 (from requests<3.0.0->newsapi-python==0.2.7->-r requirements.txt (line 2))"
2026-07-21T13:18:01.941Z,Vritti,"Collecting charset_normalizer<4,>=2 (from requests<3.0.0->newsapi-python==0.2.7->-r requirements.txt (line 2))"
2026-07-21T13:18:01.955Z,Vritti,Downloading charset_normalizer-3.4.9-cp311-cp311-manylinux2014_x86_64.manylinux_2_17_x86_64.manylinux_2_28_x86_64.whl.metadata (41 kB)
2026-07-21T13:18:01.955Z,Vritti,Downloading charset_normalizer-3.4.9-cp311-cp311-manylinux2014_x86_64.manylinux_2_17_x86_64.manylinux_2_28_x86_64.whl.metadata (41 kB)
2026-07-21T13:18:01.961Z,Vritti,━━━━━━━━━━━━━━━━━━━━━━━━━━━━━━━━━━━━━━━━ 41.7/41.7 kB 8.2 MB/s eta 0:00:00
2026-07-21T13:18:01.961Z,Vritti,━━━━━━━━━━━━━━━━━━━━━━━━━━━━━━━━━━━━━━━━ 41.7/41.7 kB 8.2 MB/s eta 0:00:00
2026-07-21T13:18:01.962Z,Vritti,
2026-07-21T13:18:01.962Z,Vritti,
2026-07-21T13:18:02.046Z,Vritti,"Collecting markdown-it-py>=2.2.0 (from rich<14,>=10.14.0->streamlit==1.35.0->-r requirements.txt (line 31))"
2026-07-21T13:18:02.046Z,Vritti,"Collecting markdown-it-py>=2.2.0 (from rich<14,>=10.14.0->streamlit==1.35.0->-r requirements.txt (line 31))"
2026-07-21T13:18:02.062Z,Vritti,Downloading markdown_it_py-4.2.0-py3-none-any.whl.metadata (7.4 kB)
2026-07-21T13:18:02.062Z,Vritti,Downloading markdown_it_py-4.2.0-py3-none-any.whl.metadata (7.4 kB)
2026-07-21T13:18:02.120Z,Vritti,"Collecting pygments<3.0.0,>=2.13.0 (from rich<14,>=10.14.0->streamlit==1.35.0->-r requirements.txt (line 31))"
2026-07-21T13:18:02.120Z,Vritti,"Collecting pygments<3.0.0,>=2.13.0 (from rich<14,>=10.14.0->streamlit==1.35.0->-r requirements.txt (line 31))"
2026-07-21T13:18:02.136Z,Vritti,Downloading pygments-2.20.0-py3-none-any.whl.metadata (2.5 kB)
2026-07-21T13:18:02.136Z,Vritti,Downloading pygments-2.20.0-py3-none-any.whl.metadata (2.5 kB)
2026-07-21T13:18:02.320Z,Vritti,"Collecting mpmath<1.4,>=1.1.0 (from sympy>=1.13.3->torch==2.7.1->-r requirements.txt (line 9))"
2026-07-21T13:18:02.320Z,Vritti,"Collecting mpmath<1.4,>=1.1.0 (from sympy>=1.13.3->torch==2.7.1->-r requirements.txt (line 9))"
2026-07-21T13:18:02.335Z,Vritti,Downloading mpmath-1.3.0-py3-none-any.whl.metadata (8.6 kB)
2026-07-21T13:18:02.335Z,Vritti,Downloading mpmath-1.3.0-py3-none-any.whl.metadata (8.6 kB)
2026-07-21T13:18:02.787Z,Vritti,"Collecting propcache>=0.2.1 (from yarl<2.0,>=1.0->aiohttp==3.9.5->-r requirements.txt (line 4))"
2026-07-21T13:18:02.787Z,Vritti,"Collecting propcache>=0.2.1 (from yarl<2.0,>=1.0->aiohttp==3.9.5->-r requirements.txt (line 4))"
2026-07-21T13:18:02.808Z,Vritti,Downloading propcache-0.5.2-cp311-cp311-manylinux2014_x86_64.manylinux_2_17_x86_64.manylinux_2_28_x86_64.whl.metadata (16 kB)
2026-07-21T13:18:02.808Z,Vritti,Downloading propcache-0.5.2-cp311-cp311-manylinux2014_x86_64.manylinux_2_17_x86_64.manylinux_2_28_x86_64.whl.metadata (16 kB)
2026-07-21T13:18:02.955Z,Vritti,"Collecting argon2-cffi-bindings (from argon2-cffi>=21.1->jupyter-server<3,>=2.4.0->jupyterlab==4.2.2->-r requirements.txt (line 42))"
2026-07-21T13:18:02.955Z,Vritti,"Collecting argon2-cffi-bindings (from argon2-cffi>=21.1->jupyter-server<3,>=2.4.0->jupyterlab==4.2.2->-r requirements.txt (line 42))"
2026-07-21T13:18:02.969Z,Vritti,Downloading argon2_cffi_bindings-25.1.0-cp39-abi3-manylinux_2_26_x86_64.manylinux_2_28_x86_64.whl.metadata (7.4 kB)
2026-07-21T13:18:02.969Z,Vritti,Downloading argon2_cffi_bindings-25.1.0-cp39-abi3-manylinux_2_26_x86_64.manylinux_2_28_x86_64.whl.metadata (7.4 kB)
2026-07-21T13:18:03.137Z,Vritti,"Collecting smmap<6,>=3.0.1 (from gitdb<5,>=4.0.1->gitpython!=3.1.19,<4,>=3.0.7->streamlit==1.35.0->-r requirements.txt (line 31))"
2026-07-21T13:18:03.137Z,Vritti,"Collecting smmap<6,>=3.0.1 (from gitdb<5,>=4.0.1->gitpython!=3.1.19,<4,>=3.0.7->streamlit==1.35.0->-r requirements.txt (line 31))"
2026-07-21T13:18:03.153Z,Vritti,Downloading smmap-5.0.3-py3-none-any.whl.metadata (4.6 kB)
2026-07-21T13:18:03.153Z,Vritti,Downloading smmap-5.0.3-py3-none-any.whl.metadata (4.6 kB)
2026-07-21T13:18:03.264Z,Vritti,Collecting decorator>=5.1.0 (from ipython>=7.23.1->ipykernel>=6.5.0->jupyterlab==4.2.2->-r requirements.txt (line 42))
2026-07-21T13:18:03.264Z,Vritti,Collecting decorator>=5.1.0 (from ipython>=7.23.1->ipykernel>=6.5.0->jupyterlab==4.2.2->-r requirements.txt (line 42))
2026-07-21T13:18:03.281Z,Vritti,Downloading decorator-5.3.1-py3-none-any.whl.metadata (3.9 kB)
2026-07-21T13:18:03.281Z,Vritti,Downloading decorator-5.3.1-py3-none-any.whl.metadata (3.9 kB)
2026-07-21T13:18:03.305Z,Vritti,Collecting ipython-pygments-lexers>=1.0.0 (from ipython>=7.23.1->ipykernel>=6.5.0->jupyterlab==4.2.2->-r requirements.txt (line 42))
2026-07-21T13:18:03.305Z,Vritti,Collecting ipython-pygments-lexers>=1.0.0 (from ipython>=7.23.1->ipykernel>=6.5.0->jupyterlab==4.2.2->-r requirements.txt (line 42))
2026-07-21T13:18:03.323Z,Vritti,Downloading ipython_pygments_lexers-1.1.1-py3-none-any.whl.metadata (1.1 kB)
2026-07-21T13:18:03.323Z,Vritti,Downloading ipython_pygments_lexers-1.1.1-py3-none-any.whl.metadata (1.1 kB)
2026-07-21T13:18:03.372Z,Vritti,Collecting jedi>=0.18.2 (from ipython>=7.23.1->ipykernel>=6.5.0->jupyterlab==4.2.2->-r requirements.txt (line 42))
2026-07-21T13:18:03.372Z,Vritti,Collecting jedi>=0.18.2 (from ipython>=7.23.1->ipykernel>=6.5.0->jupyterlab==4.2.2->-r requirements.txt (line 42))
2026-07-21T13:18:03.387Z,Vritti,Downloading jedi-0.20.0-py2.py3-none-any.whl.metadata (23 kB)
2026-07-21T13:18:03.387Z,Vritti,Downloading jedi-0.20.0-py2.py3-none-any.whl.metadata (23 kB)
2026-07-21T13:18:03.426Z,Vritti,Collecting pexpect>4.6 (from ipython>=7.23.1->ipykernel>=6.5.0->jupyterlab==4.2.2->-r requirements.txt (line 42))
2026-07-21T13:18:03.426Z,Vritti,Collecting pexpect>4.6 (from ipython>=7.23.1->ipykernel>=6.5.0->jupyterlab==4.2.2->-r requirements.txt (line 42))
2026-07-21T13:18:03.441Z,Vritti,Downloading pexpect-4.9.0-py2.py3-none-any.whl.metadata (2.5 kB)
2026-07-21T13:18:03.441Z,Vritti,Downloading pexpect-4.9.0-py2.py3-none-any.whl.metadata (2.5 kB)
2026-07-21T13:18:03.511Z,Vritti,"Collecting prompt_toolkit<3.1.0,>=3.0.41 (from ipython>=7.23.1->ipykernel>=6.5.0->jupyterlab==4.2.2->-r requirements.txt (line 42))"
2026-07-21T13:18:03.511Z,Vritti,"Collecting prompt_toolkit<3.1.0,>=3.0.41 (from ipython>=7.23.1->ipykernel>=6.5.0->jupyterlab==4.2.2->-r requirements.txt (line 42))"
2026-07-21T13:18:03.526Z,Vritti,Downloading prompt_toolkit-3.0.52-py3-none-any.whl.metadata (6.4 kB)
2026-07-21T13:18:03.526Z,Vritti,Downloading prompt_toolkit-3.0.52-py3-none-any.whl.metadata (6.4 kB)
2026-07-21T13:18:03.566Z,Vritti,Collecting stack_data>=0.6.0 (from ipython>=7.23.1->ipykernel>=6.5.0->jupyterlab==4.2.2->-r requirements.txt (line 42))
2026-07-21T13:18:03.566Z,Vritti,Collecting stack_data>=0.6.0 (from ipython>=7.23.1->ipykernel>=6.5.0->jupyterlab==4.2.2->-r requirements.txt (line 42))
2026-07-21T13:18:03.590Z,Vritti,Downloading stack_data-0.6.3-py3-none-any.whl.metadata (18 kB)
2026-07-21T13:18:03.590Z,Vritti,Downloading stack_data-0.6.3-py3-none-any.whl.metadata (18 kB)
2026-07-21T13:18:03.694Z,Vritti,"Collecting jsonschema-specifications>=2023.03.6 (from jsonschema>=3.0->altair<6,>=4.0->streamlit==1.35.0->-r requirements.txt (line 31))"
2026-07-21T13:18:03.694Z,Vritti,"Collecting jsonschema-specifications>=2023.03.6 (from jsonschema>=3.0->altair<6,>=4.0->streamlit==1.35.0->-r requirements.txt (line 31))"
2026-07-21T13:18:03.712Z,Vritti,Downloading jsonschema_specifications-2025.9.1-py3-none-any.whl.metadata (2.9 kB)
2026-07-21T13:18:03.712Z,Vritti,Downloading jsonschema_specifications-2025.9.1-py3-none-any.whl.metadata (2.9 kB)
2026-07-21T13:18:03.767Z,Vritti,"Collecting referencing>=0.28.4 (from jsonschema>=3.0->altair<6,>=4.0->streamlit==1.35.0->-r requirements.txt (line 31))"
2026-07-21T13:18:03.767Z,Vritti,"Collecting referencing>=0.28.4 (from jsonschema>=3.0->altair<6,>=4.0->streamlit==1.35.0->-r requirements.txt (line 31))"
2026-07-21T13:18:03.780Z,Vritti,Downloading referencing-0.37.0-py3-none-any.whl.metadata (2.8 kB)
2026-07-21T13:18:03.780Z,Vritti,Downloading referencing-0.37.0-py3-none-any.whl.metadata (2.8 kB)
2026-07-21T13:18:04.153Z,Vritti,"Collecting rpds-py>=0.25.0 (from jsonschema>=3.0->altair<6,>=4.0->streamlit==1.35.0->-r requirements.txt (line 31))"
2026-07-21T13:18:04.153Z,Vritti,"Collecting rpds-py>=0.25.0 (from jsonschema>=3.0->altair<6,>=4.0->streamlit==1.35.0->-r requirements.txt (line 31))"
2026-07-21T13:18:04.171Z,Vritti,Downloading rpds_py-2026.6.3-cp311-cp311-manylinux_2_17_x86_64.manylinux2014_x86_64.whl.metadata (4.1 kB)
2026-07-21T13:18:04.171Z,Vritti,Downloading rpds_py-2026.6.3-cp311-cp311-manylinux_2_17_x86_64.manylinux2014_x86_64.whl.metadata (4.1 kB)
2026-07-21T13:18:04.272Z,Vritti,"Collecting python-json-logger>=2.0.4 (from jupyter-events>=0.11.0->jupyter-server<3,>=2.4.0->jupyterlab==4.2.2->-r requirements.txt (line 42))"
2026-07-21T13:18:04.272Z,Vritti,"Collecting python-json-logger>=2.0.4 (from jupyter-events>=0.11.0->jupyter-server<3,>=2.4.0->jupyterlab==4.2.2->-r requirements.txt (line 42))"
2026-07-21T13:18:04.289Z,Vritti,Downloading python_json_logger-4.1.0-py3-none-any.whl.metadata (3.7 kB)
2026-07-21T13:18:04.289Z,Vritti,Downloading python_json_logger-4.1.0-py3-none-any.whl.metadata (3.7 kB)
2026-07-21T13:18:04.320Z,Vritti,"Collecting rfc3339-validator (from jupyter-events>=0.11.0->jupyter-server<3,>=2.4.0->jupyterlab==4.2.2->-r requirements.txt (line 42))"
2026-07-21T13:18:04.320Z,Vritti,"Collecting rfc3339-validator (from jupyter-events>=0.11.0->jupyter-server<3,>=2.4.0->jupyterlab==4.2.2->-r requirements.txt (line 42))"
2026-07-21T13:18:04.334Z,Vritti,Downloading rfc3339_validator-0.1.4-py2.py3-none-any.whl.metadata (1.5 kB)
2026-07-21T13:18:04.334Z,Vritti,Downloading rfc3339_validator-0.1.4-py2.py3-none-any.whl.metadata (1.5 kB)
2026-07-21T13:18:04.357Z,Vritti,"Collecting rfc3986-validator>=0.1.1 (from jupyter-events>=0.11.0->jupyter-server<3,>=2.4.0->jupyterlab==4.2.2->-r requirements.txt (line 42))"
2026-07-21T13:18:04.357Z,Vritti,"Collecting rfc3986-validator>=0.1.1 (from jupyter-events>=0.11.0->jupyter-server<3,>=2.4.0->jupyterlab==4.2.2->-r requirements.txt (line 42))"
2026-07-21T13:18:04.372Z,Vritti,Downloading rfc3986_validator-0.1.1-py2.py3-none-any.whl.metadata (1.7 kB)
2026-07-21T13:18:04.372Z,Vritti,Downloading rfc3986_validator-0.1.1-py2.py3-none-any.whl.metadata (1.7 kB)
2026-07-21T13:18:04.484Z,Vritti,"Collecting mdurl~=0.1 (from markdown-it-py>=2.2.0->rich<14,>=10.14.0->streamlit==1.35.0->-r requirements.txt (line 31))"
2026-07-21T13:18:04.484Z,Vritti,"Collecting mdurl~=0.1 (from markdown-it-py>=2.2.0->rich<14,>=10.14.0->streamlit==1.35.0->-r requirements.txt (line 31))"
2026-07-21T13:18:04.509Z,Vritti,Downloading mdurl-0.1.2-py3-none-any.whl.metadata (1.6 kB)
2026-07-21T13:18:04.509Z,Vritti,Downloading mdurl-0.1.2-py3-none-any.whl.metadata (1.6 kB)
2026-07-21T13:18:04.726Z,Vritti,"Collecting beautifulsoup4 (from nbconvert>=6.4.4->jupyter-server<3,>=2.4.0->jupyterlab==4.2.2->-r requirements.txt (line 42))"
2026-07-21T13:18:04.726Z,Vritti,"Collecting beautifulsoup4 (from nbconvert>=6.4.4->jupyter-server<3,>=2.4.0->jupyterlab==4.2.2->-r requirements.txt (line 42))"
2026-07-21T13:18:04.742Z,Vritti,Downloading beautifulsoup4-4.15.0-py3-none-any.whl.metadata (3.8 kB)
2026-07-21T13:18:04.742Z,Vritti,Downloading beautifulsoup4-4.15.0-py3-none-any.whl.metadata (3.8 kB)
2026-07-21T13:18:04.801Z,Vritti,"Collecting bleach!=5.0.0 (from bleach[css]!=5.0.0->nbconvert>=6.4.4->jupyter-server<3,>=2.4.0->jupyterlab==4.2.2->-r requirements.txt (line 42))"
2026-07-21T13:18:04.801Z,Vritti,"Collecting bleach!=5.0.0 (from bleach[css]!=5.0.0->nbconvert>=6.4.4->jupyter-server<3,>=2.4.0->jupyterlab==4.2.2->-r requirements.txt (line 42))"
2026-07-21T13:18:04.818Z,Vritti,Downloading bleach-6.4.0-py3-none-any.whl.metadata (32 kB)
2026-07-21T13:18:04.818Z,Vritti,Downloading bleach-6.4.0-py3-none-any.whl.metadata (32 kB)
2026-07-21T13:18:04.871Z,Vritti,"Collecting jupyterlab-pygments (from nbconvert>=6.4.4->jupyter-server<3,>=2.4.0->jupyterlab==4.2.2->-r requirements.txt (line 42))"
2026-07-21T13:18:04.871Z,Vritti,"Collecting jupyterlab-pygments (from nbconvert>=6.4.4->jupyter-server<3,>=2.4.0->jupyterlab==4.2.2->-r requirements.txt (line 42))"
2026-07-21T13:18:04.886Z,Vritti,Downloading jupyterlab_pygments-0.3.0-py3-none-any.whl.metadata (4.4 kB)
2026-07-21T13:18:04.886Z,Vritti,Downloading jupyterlab_pygments-0.3.0-py3-none-any.whl.metadata (4.4 kB)
2026-07-21T13:18:04.930Z,Vritti,"Collecting mistune<4,>=2.0.3 (from nbconvert>=6.4.4->jupyter-server<3,>=2.4.0->jupyterlab==4.2.2->-r requirements.txt (line 42))"
2026-07-21T13:18:04.930Z,Vritti,"Collecting mistune<4,>=2.0.3 (from nbconvert>=6.4.4->jupyter-server<3,>=2.4.0->jupyterlab==4.2.2->-r requirements.txt (line 42))"
2026-07-21T13:18:04.947Z,Vritti,Downloading mistune-3.3.3-py3-none-any.whl.metadata (1.9 kB)
2026-07-21T13:18:04.947Z,Vritti,Downloading mistune-3.3.3-py3-none-any.whl.metadata (1.9 kB)
2026-07-21T13:18:05.019Z,Vritti,"Collecting nbclient>=0.5.0 (from nbconvert>=6.4.4->jupyter-server<3,>=2.4.0->jupyterlab==4.2.2->-r requirements.txt (line 42))"
2026-07-21T13:18:05.019Z,Vritti,"Collecting nbclient>=0.5.0 (from nbconvert>=6.4.4->jupyter-server<3,>=2.4.0->jupyterlab==4.2.2->-r requirements.txt (line 42))"
2026-07-21T13:18:05.031Z,Vritti,Downloading nbclient-0.11.0-py3-none-any.whl.metadata (7.3 kB)
2026-07-21T13:18:05.031Z,Vritti,Downloading nbclient-0.11.0-py3-none-any.whl.metadata (7.3 kB)
2026-07-21T13:18:05.060Z,Vritti,"Collecting pandocfilters>=1.4.1 (from nbconvert>=6.4.4->jupyter-server<3,>=2.4.0->jupyterlab==4.2.2->-r requirements.txt (line 42))"
2026-07-21T13:18:05.060Z,Vritti,"Collecting pandocfilters>=1.4.1 (from nbconvert>=6.4.4->jupyter-server<3,>=2.4.0->jupyterlab==4.2.2->-r requirements.txt (line 42))"
2026-07-21T13:18:05.077Z,Vritti,Downloading pandocfilters-1.5.1-py2.py3-none-any.whl.metadata (9.0 kB)
2026-07-21T13:18:05.077Z,Vritti,Downloading pandocfilters-1.5.1-py2.py3-none-any.whl.metadata (9.0 kB)
2026-07-21T13:18:05.159Z,Vritti,"Collecting fastjsonschema>=2.15 (from nbformat>=5.3.0->jupyter-server<3,>=2.4.0->jupyterlab==4.2.2->-r requirements.txt (line 42))"
2026-07-21T13:18:05.159Z,Vritti,"Collecting fastjsonschema>=2.15 (from nbformat>=5.3.0->jupyter-server<3,>=2.4.0->jupyterlab==4.2.2->-r requirements.txt (line 42))"
2026-07-21T13:18:05.174Z,Vritti,Downloading fastjsonschema-2.21.2-py3-none-any.whl.metadata (2.3 kB)
2026-07-21T13:18:05.174Z,Vritti,Downloading fastjsonschema-2.21.2-py3-none-any.whl.metadata (2.3 kB)
2026-07-21T13:18:05.559Z,Vritti,"Collecting ptyprocess (from terminado>=0.8.3->jupyter-server<3,>=2.4.0->jupyterlab==4.2.2->-r requirements.txt (line 42))"
2026-07-21T13:18:05.559Z,Vritti,"Collecting ptyprocess (from terminado>=0.8.3->jupyter-server<3,>=2.4.0->jupyterlab==4.2.2->-r requirements.txt (line 42))"
2026-07-21T13:18:05.573Z,Vritti,Downloading ptyprocess-0.7.0-py2.py3-none-any.whl.metadata (1.3 kB)
2026-07-21T13:18:05.573Z,Vritti,Downloading ptyprocess-0.7.0-py2.py3-none-any.whl.metadata (1.3 kB)
2026-07-21T13:18:05.643Z,Vritti,Collecting shellingham>=1.3.0 (from typer>=0.16.0->fastapi-cli>=0.0.2->fastapi==0.111.0->-r requirements.txt (line 25))
2026-07-21T13:18:05.643Z,Vritti,Collecting shellingham>=1.3.0 (from typer>=0.16.0->fastapi-cli>=0.0.2->fastapi==0.111.0->-r requirements.txt (line 25))
2026-07-21T13:18:05.658Z,Vritti,Downloading shellingham-1.5.4-py2.py3-none-any.whl.metadata (3.5 kB)
2026-07-21T13:18:05.658Z,Vritti,Downloading shellingham-1.5.4-py2.py3-none-any.whl.metadata (3.5 kB)
2026-07-21T13:18:05.694Z,Vritti,Collecting annotated-doc>=0.0.2 (from typer>=0.16.0->fastapi-cli>=0.0.2->fastapi==0.111.0->-r requirements.txt (line 25))
2026-07-21T13:18:05.694Z,Vritti,Collecting annotated-doc>=0.0.2 (from typer>=0.16.0->fastapi-cli>=0.0.2->fastapi==0.111.0->-r requirements.txt (line 25))
2026-07-21T13:18:05.709Z,Vritti,Downloading annotated_doc-0.0.4-py3-none-any.whl.metadata (6.6 kB)
2026-07-21T13:18:05.709Z,Vritti,Downloading annotated_doc-0.0.4-py3-none-any.whl.metadata (6.6 kB)
2026-07-21T13:18:05.852Z,Vritti,"Collecting webencodings (from bleach!=5.0.0->bleach[css]!=5.0.0->nbconvert>=6.4.4->jupyter-server<3,>=2.4.0->jupyterlab==4.2.2->-r requirements.txt (line 42))"
2026-07-21T13:18:05.852Z,Vritti,"Collecting webencodings (from bleach!=5.0.0->bleach[css]!=5.0.0->nbconvert>=6.4.4->jupyter-server<3,>=2.4.0->jupyterlab==4.2.2->-r requirements.txt (line 42))"
2026-07-21T13:18:05.866Z,Vritti,Downloading webencodings-0.5.1-py2.py3-none-any.whl.metadata (2.1 kB)
2026-07-21T13:18:05.866Z,Vritti,Downloading webencodings-0.5.1-py2.py3-none-any.whl.metadata (2.1 kB)
2026-07-21T13:18:05.936Z,Vritti,"Collecting tinycss2>=1.1.0 (from bleach[css]!=5.0.0->nbconvert>=6.4.4->jupyter-server<3,>=2.4.0->jupyterlab==4.2.2->-r requirements.txt (line 42))"
2026-07-21T13:18:05.936Z,Vritti,"Collecting tinycss2>=1.1.0 (from bleach[css]!=5.0.0->nbconvert>=6.4.4->jupyter-server<3,>=2.4.0->jupyterlab==4.2.2->-r requirements.txt (line 42))"
2026-07-21T13:18:05.952Z,Vritti,Downloading tinycss2-1.5.1-py3-none-any.whl.metadata (3.0 kB)
2026-07-21T13:18:05.952Z,Vritti,Downloading tinycss2-1.5.1-py3-none-any.whl.metadata (3.0 kB)
2026-07-21T13:18:06.121Z,Vritti,"Collecting parso<0.9.0,>=0.8.6 (from jedi>=0.18.2->ipython>=7.23.1->ipykernel>=6.5.0->jupyterlab==4.2.2->-r requirements.txt (line 42))"
2026-07-21T13:18:06.121Z,Vritti,"Collecting parso<0.9.0,>=0.8.6 (from jedi>=0.18.2->ipython>=7.23.1->ipykernel>=6.5.0->jupyterlab==4.2.2->-r requirements.txt (line 42))"
2026-07-21T13:18:06.142Z,Vritti,Downloading parso-0.8.7-py2.py3-none-any.whl.metadata (8.2 kB)
2026-07-21T13:18:06.142Z,Vritti,Downloading parso-0.8.7-py2.py3-none-any.whl.metadata (8.2 kB)
2026-07-21T13:18:06.241Z,Vritti,"Collecting fqdn (from jsonschema[format-nongpl]>=4.18.0->jupyter-events>=0.11.0->jupyter-server<3,>=2.4.0->jupyterlab==4.2.2->-r requirements.txt (line 42))"
2026-07-21T13:18:06.241Z,Vritti,"Collecting fqdn (from jsonschema[format-nongpl]>=4.18.0->jupyter-events>=0.11.0->jupyter-server<3,>=2.4.0->jupyterlab==4.2.2->-r requirements.txt (line 42))"
2026-07-21T13:18:06.257Z,Vritti,Downloading fqdn-1.5.1-py3-none-any.whl.metadata (1.4 kB)
2026-07-21T13:18:06.257Z,Vritti,Downloading fqdn-1.5.1-py3-none-any.whl.metadata (1.4 kB)
2026-07-21T13:18:06.283Z,Vritti,"Collecting isoduration (from jsonschema[format-nongpl]>=4.18.0->jupyter-events>=0.11.0->jupyter-server<3,>=2.4.0->jupyterlab==4.2.2->-r requirements.txt (line 42))"
2026-07-21T13:18:06.283Z,Vritti,"Collecting isoduration (from jsonschema[format-nongpl]>=4.18.0->jupyter-events>=0.11.0->jupyter-server<3,>=2.4.0->jupyterlab==4.2.2->-r requirements.txt (line 42))"
2026-07-21T13:18:06.298Z,Vritti,Downloading isoduration-20.11.0-py3-none-any.whl.metadata (5.7 kB)
2026-07-21T13:18:06.298Z,Vritti,Downloading isoduration-20.11.0-py3-none-any.whl.metadata (5.7 kB)
2026-07-21T13:18:06.330Z,Vritti,"Collecting jsonpointer>1.13 (from jsonschema[format-nongpl]>=4.18.0->jupyter-events>=0.11.0->jupyter-server<3,>=2.4.0->jupyterlab==4.2.2->-r requirements.txt (line 42))"
2026-07-21T13:18:06.330Z,Vritti,"Collecting jsonpointer>1.13 (from jsonschema[format-nongpl]>=4.18.0->jupyter-events>=0.11.0->jupyter-server<3,>=2.4.0->jupyterlab==4.2.2->-r requirements.txt (line 42))"
2026-07-21T13:18:06.345Z,Vritti,Downloading jsonpointer-3.1.1-py3-none-any.whl.metadata (2.4 kB)
2026-07-21T13:18:06.345Z,Vritti,Downloading jsonpointer-3.1.1-py3-none-any.whl.metadata (2.4 kB)
2026-07-21T13:18:06.374Z,Vritti,"Collecting rfc3987-syntax>=1.1.0 (from jsonschema[format-nongpl]>=4.18.0->jupyter-events>=0.11.0->jupyter-server<3,>=2.4.0->jupyterlab==4.2.2->-r requirements.txt (line 42))"
2026-07-21T13:18:06.374Z,Vritti,"Collecting rfc3987-syntax>=1.1.0 (from jsonschema[format-nongpl]>=4.18.0->jupyter-events>=0.11.0->jupyter-server<3,>=2.4.0->jupyterlab==4.2.2->-r requirements.txt (line 42))"
2026-07-21T13:18:06.399Z,Vritti,Downloading rfc3987_syntax-1.1.0-py3-none-any.whl.metadata (7.7 kB)
2026-07-21T13:18:06.399Z,Vritti,Downloading rfc3987_syntax-1.1.0-py3-none-any.whl.metadata (7.7 kB)
2026-07-21T13:18:06.445Z,Vritti,"Collecting uri-template (from jsonschema[format-nongpl]>=4.18.0->jupyter-events>=0.11.0->jupyter-server<3,>=2.4.0->jupyterlab==4.2.2->-r requirements.txt (line 42))"
2026-07-21T13:18:06.445Z,Vritti,"Collecting uri-template (from jsonschema[format-nongpl]>=4.18.0->jupyter-events>=0.11.0->jupyter-server<3,>=2.4.0->jupyterlab==4.2.2->-r requirements.txt (line 42))"
2026-07-21T13:18:06.483Z,Vritti,Downloading uri_template-1.3.0-py3-none-any.whl.metadata (8.8 kB)
2026-07-21T13:18:06.483Z,Vritti,Downloading uri_template-1.3.0-py3-none-any.whl.metadata (8.8 kB)
2026-07-21T13:18:06.522Z,Vritti,"Collecting webcolors>=24.6.0 (from jsonschema[format-nongpl]>=4.18.0->jupyter-events>=0.11.0->jupyter-server<3,>=2.4.0->jupyterlab==4.2.2->-r requirements.txt (line 42))"
2026-07-21T13:18:06.522Z,Vritti,"Collecting webcolors>=24.6.0 (from jsonschema[format-nongpl]>=4.18.0->jupyter-events>=0.11.0->jupyter-server<3,>=2.4.0->jupyterlab==4.2.2->-r requirements.txt (line 42))"
2026-07-21T13:18:06.537Z,Vritti,Downloading webcolors-25.10.0-py3-none-any.whl.metadata (2.2 kB)
2026-07-21T13:18:06.537Z,Vritti,Downloading webcolors-25.10.0-py3-none-any.whl.metadata (2.2 kB)
2026-07-21T13:18:06.779Z,Vritti,"Collecting wcwidth (from prompt_toolkit<3.1.0,>=3.0.41->ipython>=7.23.1->ipykernel>=6.5.0->jupyterlab==4.2.2->-r requirements.txt (line 42))"
2026-07-21T13:18:06.779Z,Vritti,"Collecting wcwidth (from prompt_toolkit<3.1.0,>=3.0.41->ipython>=7.23.1->ipykernel>=6.5.0->jupyterlab==4.2.2->-r requirements.txt (line 42))"
2026-07-21T13:18:06.801Z,Vritti,Downloading wcwidth-0.8.2-py3-none-any.whl.metadata (43 kB)
2026-07-21T13:18:06.801Z,Vritti,Downloading wcwidth-0.8.2-py3-none-any.whl.metadata (43 kB)
2026-07-21T13:18:06.806Z,Vritti,━━━━━━━━━━━━━━━━━━━━━━━━━━━━━━━━━━━━━━━━ 43.3/43.3 kB 25.2 MB/s eta 0:00:00
2026-07-21T13:18:06.806Z,Vritti,
2026-07-21T13:18:06.806Z,Vritti,━━━━━━━━━━━━━━━━━━━━━━━━━━━━━━━━━━━━━━━━ 43.3/43.3 kB 25.2 MB/s eta 0:00:00
2026-07-21T13:18:06.806Z,Vritti,
2026-07-21T13:18:07.094Z,Vritti,Collecting executing>=1.2.0 (from stack_data>=0.6.0->ipython>=7.23.1->ipykernel>=6.5.0->jupyterlab==4.2.2->-r requirements.txt (line 42))
2026-07-21T13:18:07.094Z,Vritti,Collecting executing>=1.2.0 (from stack_data>=0.6.0->ipython>=7.23.1->ipykernel>=6.5.0->jupyterlab==4.2.2->-r requirements.txt (line 42))
2026-07-21T13:18:07.108Z,Vritti,Downloading executing-2.2.1-py2.py3-none-any.whl.metadata (8.9 kB)
2026-07-21T13:18:07.108Z,Vritti,Downloading executing-2.2.1-py2.py3-none-any.whl.metadata (8.9 kB)
2026-07-21T13:18:07.142Z,Vritti,Collecting asttokens>=2.1.0 (from stack_data>=0.6.0->ipython>=7.23.1->ipykernel>=6.5.0->jupyterlab==4.2.2->-r requirements.txt (line 42))
2026-07-21T13:18:07.142Z,Vritti,Collecting asttokens>=2.1.0 (from stack_data>=0.6.0->ipython>=7.23.1->ipykernel>=6.5.0->jupyterlab==4.2.2->-r requirements.txt (line 42))
2026-07-21T13:18:07.155Z,Vritti,Downloading asttokens-3.0.2-py3-none-any.whl.metadata (5.7 kB)
2026-07-21T13:18:07.155Z,Vritti,Downloading asttokens-3.0.2-py3-none-any.whl.metadata (5.7 kB)
2026-07-21T13:18:07.196Z,Vritti,Collecting pure-eval (from stack_data>=0.6.0->ipython>=7.23.1->ipykernel>=6.5.0->jupyterlab==4.2.2->-r requirements.txt (line 42))
2026-07-21T13:18:07.196Z,Vritti,Collecting pure-eval (from stack_data>=0.6.0->ipython>=7.23.1->ipykernel>=6.5.0->jupyterlab==4.2.2->-r requirements.txt (line 42))
2026-07-21T13:18:07.211Z,Vritti,Downloading pure_eval-0.2.3-py3-none-any.whl.metadata (6.3 kB)
2026-07-21T13:18:07.211Z,Vritti,Downloading pure_eval-0.2.3-py3-none-any.whl.metadata (6.3 kB)
2026-07-21T13:18:07.413Z,Vritti,"Collecting cffi>=1.0.1 (from argon2-cffi-bindings->argon2-cffi>=21.1->jupyter-server<3,>=2.4.0->jupyterlab==4.2.2->-r requirements.txt (line 42))"
2026-07-21T13:18:07.413Z,Vritti,"Collecting cffi>=1.0.1 (from argon2-cffi-bindings->argon2-cffi>=21.1->jupyter-server<3,>=2.4.0->jupyterlab==4.2.2->-r requirements.txt (line 42))"
2026-07-21T13:18:07.431Z,Vritti,Downloading cffi-2.1.0-cp311-cp311-manylinux2014_x86_64.manylinux_2_17_x86_64.whl.metadata (2.5 kB)
2026-07-21T13:18:07.431Z,Vritti,Downloading cffi-2.1.0-cp311-cp311-manylinux2014_x86_64.manylinux_2_17_x86_64.whl.metadata (2.5 kB)
2026-07-21T13:18:07.525Z,Vritti,"Collecting soupsieve>=1.6.1 (from beautifulsoup4->nbconvert>=6.4.4->jupyter-server<3,>=2.4.0->jupyterlab==4.2.2->-r requirements.txt (line 42))"
2026-07-21T13:18:07.525Z,Vritti,"Collecting soupsieve>=1.6.1 (from beautifulsoup4->nbconvert>=6.4.4->jupyter-server<3,>=2.4.0->jupyterlab==4.2.2->-r requirements.txt (line 42))"
2026-07-21T13:18:07.543Z,Vritti,Downloading soupsieve-2.9-py3-none-any.whl.metadata (4.6 kB)
2026-07-21T13:18:07.543Z,Vritti,Downloading soupsieve-2.9-py3-none-any.whl.metadata (4.6 kB)
2026-07-21T13:18:07.712Z,Vritti,"Collecting pycparser (from cffi>=1.0.1->argon2-cffi-bindings->argon2-cffi>=21.1->jupyter-server<3,>=2.4.0->jupyterlab==4.2.2->-r requirements.txt (line 42))"
2026-07-21T13:18:07.712Z,Vritti,"Collecting pycparser (from cffi>=1.0.1->argon2-cffi-bindings->argon2-cffi>=21.1->jupyter-server<3,>=2.4.0->jupyterlab==4.2.2->-r requirements.txt (line 42))"
2026-07-21T13:18:07.734Z,Vritti,Downloading pycparser-3.0-py3-none-any.whl.metadata (8.2 kB)
2026-07-21T13:18:07.734Z,Vritti,Downloading pycparser-3.0-py3-none-any.whl.metadata (8.2 kB)
2026-07-21T13:18:07.888Z,Vritti,"Collecting lark>=1.2.2 (from rfc3987-syntax>=1.1.0->jsonschema[format-nongpl]>=4.18.0->jupyter-events>=0.11.0->jupyter-server<3,>=2.4.0->jupyterlab==4.2.2->-r requirements.txt (line 42))"
2026-07-21T13:18:07.888Z,Vritti,"Collecting lark>=1.2.2 (from rfc3987-syntax>=1.1.0->jsonschema[format-nongpl]>=4.18.0->jupyter-events>=0.11.0->jupyter-server<3,>=2.4.0->jupyterlab==4.2.2->-r requirements.txt (line 42))"
2026-07-21T13:18:07.903Z,Vritti,Downloading lark-1.3.1-py3-none-any.whl.metadata (1.8 kB)
2026-07-21T13:18:07.903Z,Vritti,Downloading lark-1.3.1-py3-none-any.whl.metadata (1.8 kB)
2026-07-21T13:18:08.142Z,Vritti,"Collecting arrow>=0.15.0 (from isoduration->jsonschema[format-nongpl]>=4.18.0->jupyter-events>=0.11.0->jupyter-server<3,>=2.4.0->jupyterlab==4.2.2->-r requirements.txt (line 42))"
2026-07-21T13:18:08.142Z,Vritti,"Collecting arrow>=0.15.0 (from isoduration->jsonschema[format-nongpl]>=4.18.0->jupyter-events>=0.11.0->jupyter-server<3,>=2.4.0->jupyterlab==4.2.2->-r requirements.txt (line 42))"
2026-07-21T13:18:08.164Z,Vritti,Downloading arrow-1.4.0-py3-none-any.whl.metadata (7.7 kB)
2026-07-21T13:18:08.164Z,Vritti,Downloading arrow-1.4.0-py3-none-any.whl.metadata (7.7 kB)
2026-07-21T13:18:08.440Z,Vritti,Downloading newsapi_python-0.2.7-py2.py3-none-any.whl (7.9 kB)
2026-07-21T13:18:08.440Z,Vritti,Downloading newsapi_python-0.2.7-py2.py3-none-any.whl (7.9 kB)
2026-07-21T13:18:08.461Z,Vritti,Downloading massive-2.8.0-py3-none-any.whl (68 kB)
2026-07-21T13:18:08.461Z,Vritti,Downloading massive-2.8.0-py3-none-any.whl (68 kB)
2026-07-21T13:18:08.474Z,Vritti,━━━━━━━━━━━━━━━━━━━━━━━━━━━━━━━━━━━━━━━━ 68.7/68.7 kB 10.8 MB/s eta 0:00:00
2026-07-21T13:18:08.474Z,Vritti,━━━━━━━━━━━━━━━━━━━━━━━━━━━━━━━━━━━━━━━━ 68.7/68.7 kB 10.8 MB/s eta 0:00:00
2026-07-21T13:18:08.475Z,Vritti,
2026-07-21T13:18:08.475Z,Vritti,
2026-07-21T13:18:08.492Z,Vritti,Downloading aiohttp-3.9.5-cp311-cp311-manylinux_2_17_x86_64.manylinux2014_x86_64.whl (1.3 MB)
2026-07-21T13:18:08.492Z,Vritti,Downloading aiohttp-3.9.5-cp311-cp311-manylinux_2_17_x86_64.manylinux2014_x86_64.whl (1.3 MB)
2026-07-21T13:18:08.630Z,Vritti,━━━━━━━━━━━━━━━━━━━━━━━━━━━━━━━━━━━━━━━━ 1.3/1.3 MB 9.7 MB/s eta 0:00:00
2026-07-21T13:18:08.630Z,Vritti,━━━━━━━━━━━━━━━━━━━━━━━━━━━━━━━━━━━━━━━━ 1.3/1.3 MB 9.7 MB/s eta 0:00:00
2026-07-21T13:18:08.631Z,Vritti,
2026-07-21T13:18:08.631Z,Vritti,
2026-07-21T13:18:08.645Z,Vritti,Downloading schedule-1.2.2-py3-none-any.whl (12 kB)
2026-07-21T13:18:08.645Z,Vritti,Downloading schedule-1.2.2-py3-none-any.whl (12 kB)
2026-07-21T13:18:08.666Z,Vritti,Downloading transformers-4.41.2-py3-none-any.whl (9.1 MB)
2026-07-21T13:18:08.666Z,Vritti,Downloading transformers-4.41.2-py3-none-any.whl (9.1 MB)
2026-07-21T13:18:09.171Z,Vritti,━━━━━━━━━━━━━━━━━━━━━━━━━━━━━━━━━━━━━━━━ 9.1/9.1 MB 18.2 MB/s eta 0:00:00
2026-07-21T13:18:09.171Z,Vritti,━━━━━━━━━━━━━━━━━━━━━━━━━━━━━━━━━━━━━━━━ 9.1/9.1 MB 18.2 MB/s eta 0:00:00
2026-07-21T13:18:09.183Z,Vritti,Downloading torch-2.7.1-cp311-cp311-manylinux_2_28_x86_64.whl (821.2 MB)
2026-07-21T13:18:09.183Z,Vritti,Downloading torch-2.7.1-cp311-cp311-manylinux_2_28_x86_64.whl (821.2 MB)
2026-07-21T13:19:18.416Z,Vritti,━━━━━━━━━━━━━━━━━━━━━━━━━━━━━━━━━━━━━━━━ 821.2/821.2 MB 11.3 MB/s eta 0:00:00
2026-07-21T13:19:18.416Z,Vritti,
2026-07-21T13:19:18.416Z,Vritti,━━━━━━━━━━━━━━━━━━━━━━━━━━━━━━━━━━━━━━━━ 821.2/821.2 MB 11.3 MB/s eta 0:00:00
2026-07-21T13:19:18.416Z,Vritti,
2026-07-21T13:19:18.431Z,Vritti,Downloading pandas-2.2.2-cp311-cp311-manylinux_2_17_x86_64.manylinux2014_x86_64.whl (13.0 MB)
2026-07-21T13:19:18.431Z,Vritti,Downloading pandas-2.2.2-cp311-cp311-manylinux_2_17_x86_64.manylinux2014_x86_64.whl (13.0 MB)
2026-07-21T13:19:20.040Z,Vritti,━━━━━━━━━━━━━━━━━━━━━━━━━━━━━━━━━━━━━━━━ 13.0/13.0 MB 7.2 MB/s eta 0:00:00
2026-07-21T13:19:20.040Z,Vritti,━━━━━━━━━━━━━━━━━━━━━━━━━━━━━━━━━━━━━━━━ 13.0/13.0 MB 7.2 MB/s eta 0:00:00
2026-07-21T13:19:20.051Z,Vritti,Downloading numpy-1.26.4-cp311-cp311-manylinux_2_17_x86_64.manylinux2014_x86_64.whl (18.3 MB)
2026-07-21T13:19:20.051Z,Vritti,Downloading numpy-1.26.4-cp311-cp311-manylinux_2_17_x86_64.manylinux2014_x86_64.whl (18.3 MB)
2026-07-21T13:19:21.630Z,Vritti,━━━━━━━━━━━━━━━━━━━━━━━━━━━━━━━━━━━━━━━━ 18.3/18.3 MB 14.1 MB/s eta 0:00:00
2026-07-21T13:19:21.630Z,Vritti,━━━━━━━━━━━━━━━━━━━━━━━━━━━━━━━━━━━━━━━━ 18.3/18.3 MB 14.1 MB/s eta 0:00:00
2026-07-21T13:19:21.642Z,Vritti,Downloading scipy-1.13.1-cp311-cp311-manylinux_2_17_x86_64.manylinux2014_x86_64.whl (38.6 MB)
2026-07-21T13:19:21.642Z,Vritti,Downloading scipy-1.13.1-cp311-cp311-manylinux_2_17_x86_64.manylinux2014_x86_64.whl (38.6 MB)
2026-07-21T13:19:25.375Z,Vritti,━━━━━━━━━━━━━━━━━━━━━━━━━━━━━━━━━━━━━━━━ 38.6/38.6 MB 11.3 MB/s eta 0:00:00
2026-07-21T13:19:25.375Z,Vritti,
2026-07-21T13:19:25.375Z,Vritti,━━━━━━━━━━━━━━━━━━━━━━━━━━━━━━━━━━━━━━━━ 38.6/38.6 MB 11.3 MB/s eta 0:00:00
2026-07-21T13:19:25.375Z,Vritti,
2026-07-21T13:19:25.389Z,Vritti,Downloading scikit_learn-1.5.0-cp311-cp311-manylinux_2_17_x86_64.manylinux2014_x86_64.whl (13.3 MB)
2026-07-21T13:19:25.389Z,Vritti,Downloading scikit_learn-1.5.0-cp311-cp311-manylinux_2_17_x86_64.manylinux2014_x86_64.whl (13.3 MB)
2026-07-21T13:19:26.269Z,Vritti,━━━━━━━━━━━━━━━━━━━━━━━━━━━━━━━━━━━━━━━━ 13.3/13.3 MB 15.7 MB/s eta 0:00:00
2026-07-21T13:19:26.269Z,Vritti,━━━━━━━━━━━━━━━━━━━━━━━━━━━━━━━━━━━━━━━━ 13.3/13.3 MB 15.7 MB/s eta 0:00:00
2026-07-21T13:19:26.270Z,Vritti,
2026-07-21T13:19:26.270Z,Vritti,
2026-07-21T13:19:26.283Z,Vritti,Downloading SQLAlchemy-2.0.30-cp311-cp311-manylinux_2_17_x86_64.manylinux2014_x86_64.whl (3.2 MB)
2026-07-21T13:19:26.283Z,Vritti,Downloading SQLAlchemy-2.0.30-cp311-cp311-manylinux_2_17_x86_64.manylinux2014_x86_64.whl (3.2 MB)
2026-07-21T13:19:26.463Z,Vritti,━━━━━━━━━━━━━━━━━━━━━━━━━━━━━━━━━━━━━━━━ 3.2/3.2 MB 18.0 MB/s eta 0:00:00
2026-07-21T13:19:26.463Z,Vritti,
2026-07-21T13:19:26.463Z,Vritti,━━━━━━━━━━━━━━━━━━━━━━━━━━━━━━━━━━━━━━━━ 3.2/3.2 MB 18.0 MB/s eta 0:00:00
2026-07-21T13:19:26.463Z,Vritti,
2026-07-21T13:19:26.480Z,Vritti,Downloading psycopg2_binary-2.9.9-cp311-cp311-manylinux_2_17_x86_64.manylinux2014_x86_64.whl (3.0 MB)
2026-07-21T13:19:26.480Z,Vritti,Downloading psycopg2_binary-2.9.9-cp311-cp311-manylinux_2_17_x86_64.manylinux2014_x86_64.whl (3.0 MB)
2026-07-21T13:19:26.676Z,Vritti,━━━━━━━━━━━━━━━━━━━━━━━━━━━━━━━━━━━━━━━━ 3.0/3.0 MB 15.6 MB/s eta 0:00:00
2026-07-21T13:19:26.676Z,Vritti,━━━━━━━━━━━━━━━━━━━━━━━━━━━━━━━━━━━━━━━━ 3.0/3.0 MB 15.6 MB/s eta 0:00:00
2026-07-21T13:19:26.690Z,Vritti,Downloading asyncpg-0.29.0-cp311-cp311-manylinux_2_17_x86_64.manylinux2014_x86_64.whl (2.8 MB)
2026-07-21T13:19:26.690Z,Vritti,Downloading asyncpg-0.29.0-cp311-cp311-manylinux_2_17_x86_64.manylinux2014_x86_64.whl (2.8 MB)
2026-07-21T13:19:27.007Z,Vritti,━━━━━━━━━━━━━━━━━━━━━━━━━━━━━━━━━━━━━━━━ 2.8/2.8 MB 8.9 MB/s eta 0:00:00
2026-07-21T13:19:27.007Z,Vritti,
2026-07-21T13:19:27.007Z,Vritti,━━━━━━━━━━━━━━━━━━━━━━━━━━━━━━━━━━━━━━━━ 2.8/2.8 MB 8.9 MB/s eta 0:00:00
2026-07-21T13:19:27.007Z,Vritti,
2026-07-21T13:19:27.022Z,Vritti,Downloading fastapi-0.111.0-py3-none-any.whl (91 kB)
2026-07-21T13:19:27.022Z,Vritti,Downloading fastapi-0.111.0-py3-none-any.whl (91 kB)
2026-07-21T13:19:27.030Z,Vritti,━━━━━━━━━━━━━━━━━━━━━━━━━━━━━━━━━━━━━━━━ 92.0/92.0 kB 14.3 MB/s eta 0:00:00
2026-07-21T13:19:27.030Z,Vritti,━━━━━━━━━━━━━━━━━━━━━━━━━━━━━━━━━━━━━━━━ 92.0/92.0 kB 14.3 MB/s eta 0:00:00
2026-07-21T13:19:27.031Z,Vritti,
2026-07-21T13:19:27.031Z,Vritti,
2026-07-21T13:19:27.045Z,Vritti,Downloading uvicorn-0.30.1-py3-none-any.whl (62 kB)
2026-07-21T13:19:27.045Z,Vritti,Downloading uvicorn-0.30.1-py3-none-any.whl (62 kB)
2026-07-21T13:19:27.054Z,Vritti,━━━━━━━━━━━━━━━━━━━━━━━━━━━━━━━━━━━━━━━━ 62.4/62.4 kB 22.7 MB/s eta 0:00:00
2026-07-21T13:19:27.054Z,Vritti,━━━━━━━━━━━━━━━━━━━━━━━━━━━━━━━━━━━━━━━━ 62.4/62.4 kB 22.7 MB/s eta 0:00:00
2026-07-21T13:19:27.055Z,Vritti,
2026-07-21T13:19:27.055Z,Vritti,
2026-07-21T13:19:27.070Z,Vritti,Downloading pydantic-2.7.4-py3-none-any.whl (409 kB)
2026-07-21T13:19:27.070Z,Vritti,Downloading pydantic-2.7.4-py3-none-any.whl (409 kB)
2026-07-21T13:19:27.110Z,Vritti,━━━━━━━━━━━━━━━━━━━━━━━━━━━━━━━━━━━━━━━━ 409.0/409.0 kB 11.1 MB/s eta 0:00:00
2026-07-21T13:19:27.110Z,Vritti,━━━━━━━━━━━━━━━━━━━━━━━━━━━━━━━━━━━━━━━━ 409.0/409.0 kB 11.1 MB/s eta 0:00:00
2026-07-21T13:19:27.111Z,Vritti,
2026-07-21T13:19:27.111Z,Vritti,
2026-07-21T13:19:27.124Z,Vritti,Downloading httpx-0.27.0-py3-none-any.whl (75 kB)
2026-07-21T13:19:27.124Z,Vritti,Downloading httpx-0.27.0-py3-none-any.whl (75 kB)
2026-07-21T13:19:27.131Z,Vritti,━━━━━━━━━━━━━━━━━━━━━━━━━━━━━━━━━━━━━━━━ 75.6/75.6 kB 18.6 MB/s eta 0:00:00
2026-07-21T13:19:27.131Z,Vritti,
2026-07-21T13:19:27.131Z,Vritti,━━━━━━━━━━━━━━━━━━━━━━━━━━━━━━━━━━━━━━━━ 75.6/75.6 kB 18.6 MB/s eta 0:00:00
2026-07-21T13:19:27.131Z,Vritti,
2026-07-21T13:19:27.146Z,Vritti,Downloading streamlit-1.35.0-py2.py3-none-any.whl (8.6 MB)
2026-07-21T13:19:27.146Z,Vritti,Downloading streamlit-1.35.0-py2.py3-none-any.whl (8.6 MB)
2026-07-21T13:19:27.834Z,Vritti,━━━━━━━━━━━━━━━━━━━━━━━━━━━━━━━━━━━━━━━━ 8.6/8.6 MB 12.6 MB/s eta 0:00:00
2026-07-21T13:19:27.834Z,Vritti,
2026-07-21T13:19:27.834Z,Vritti,━━━━━━━━━━━━━━━━━━━━━━━━━━━━━━━━━━━━━━━━ 8.6/8.6 MB 12.6 MB/s eta 0:00:00
2026-07-21T13:19:27.834Z,Vritti,
2026-07-21T13:19:27.851Z,Vritti,Downloading plotly-5.22.0-py3-none-any.whl (16.4 MB)
2026-07-21T13:19:27.851Z,Vritti,Downloading plotly-5.22.0-py3-none-any.whl (16.4 MB)
2026-07-21T13:19:29.044Z,Vritti,━━━━━━━━━━━━━━━━━━━━━━━━━━━━━━━━━━━━━━━━ 16.4/16.4 MB 13.4 MB/s eta 0:00:00
2026-07-21T13:19:29.044Z,Vritti,━━━━━━━━━━━━━━━━━━━━━━━━━━━━━━━━━━━━━━━━ 16.4/16.4 MB 13.4 MB/s eta 0:00:00
2026-07-21T13:19:29.045Z,Vritti,
2026-07-21T13:19:29.045Z,Vritti,
2026-07-21T13:19:29.060Z,Vritti,Downloading pytest-8.2.2-py3-none-any.whl (339 kB)
2026-07-21T13:19:29.060Z,Vritti,Downloading pytest-8.2.2-py3-none-any.whl (339 kB)
2026-07-21T13:19:29.089Z,Vritti,━━━━━━━━━━━━━━━━━━━━━━━━━━━━━━━━━━━━━━━━ 339.9/339.9 kB 13.8 MB/s eta 0:00:00
2026-07-21T13:19:29.089Z,Vritti,━━━━━━━━━━━━━━━━━━━━━━━━━━━━━━━━━━━━━━━━ 339.9/339.9 kB 13.8 MB/s eta 0:00:00
2026-07-21T13:19:29.113Z,Vritti,Downloading pytest_asyncio-0.23.7-py3-none-any.whl (17 kB)
2026-07-21T13:19:29.113Z,Vritti,Downloading pytest_asyncio-0.23.7-py3-none-any.whl (17 kB)
2026-07-21T13:19:29.124Z,Vritti,Downloading flake8-7.1.0-py2.py3-none-any.whl (57 kB)
2026-07-21T13:19:29.124Z,Vritti,Downloading flake8-7.1.0-py2.py3-none-any.whl (57 kB)
2026-07-21T13:19:29.133Z,Vritti,━━━━━━━━━━━━━━━━━━━━━━━━━━━━━━━━━━━━━━━━ 57.6/57.6 kB 16.7 MB/s eta 0:00:00
2026-07-21T13:19:29.133Z,Vritti,━━━━━━━━━━━━━━━━━━━━━━━━━━━━━━━━━━━━━━━━ 57.6/57.6 kB 16.7 MB/s eta 0:00:00
2026-07-21T13:19:29.134Z,Vritti,
2026-07-21T13:19:29.134Z,Vritti,
2026-07-21T13:19:29.148Z,Vritti,Downloading black-24.4.2-cp311-cp311-manylinux_2_17_x86_64.manylinux2014_x86_64.whl (1.8 MB)
2026-07-21T13:19:29.148Z,Vritti,Downloading black-24.4.2-cp311-cp311-manylinux_2_17_x86_64.manylinux2014_x86_64.whl (1.8 MB)
2026-07-21T13:19:29.306Z,Vritti,━━━━━━━━━━━━━━━━━━━━━━━━━━━━━━━━━━━━━━━━ 1.8/1.8 MB 11.6 MB/s eta 0:00:00
2026-07-21T13:19:29.306Z,Vritti,
2026-07-21T13:19:29.306Z,Vritti,━━━━━━━━━━━━━━━━━━━━━━━━━━━━━━━━━━━━━━━━ 1.8/1.8 MB 11.6 MB/s eta 0:00:00
2026-07-21T13:19:29.306Z,Vritti,
2026-07-21T13:19:29.321Z,Vritti,Downloading python_dotenv-1.0.1-py3-none-any.whl (19 kB)
2026-07-21T13:19:29.321Z,Vritti,Downloading python_dotenv-1.0.1-py3-none-any.whl (19 kB)
2026-07-21T13:19:29.334Z,Vritti,Downloading jupyterlab-4.2.2-py3-none-any.whl (11.6 MB)
2026-07-21T13:19:29.334Z,Vritti,Downloading jupyterlab-4.2.2-py3-none-any.whl (11.6 MB)
2026-07-21T13:19:30.251Z,Vritti,━━━━━━━━━━━━━━━━━━━━━━━━━━━━━━━━━━━━━━━━ 11.6/11.6 MB 12.5 MB/s eta 0:00:00
2026-07-21T13:19:30.251Z,Vritti,
2026-07-21T13:19:30.251Z,Vritti,━━━━━━━━━━━━━━━━━━━━━━━━━━━━━━━━━━━━━━━━ 11.6/11.6 MB 12.5 MB/s eta 0:00:00
2026-07-21T13:19:30.251Z,Vritti,
2026-07-21T13:19:30.264Z,Vritti,Downloading textblob-0.18.0-py3-none-any.whl (626 kB)
2026-07-21T13:19:30.264Z,Vritti,Downloading textblob-0.18.0-py3-none-any.whl (626 kB)
2026-07-21T13:19:30.318Z,Vritti,━━━━━━━━━━━━━━━━━━━━━━━━━━━━━━━━━━━━━━━━ 626.3/626.3 kB 12.2 MB/s eta 0:00:00
2026-07-21T13:19:30.318Z,Vritti,
2026-07-21T13:19:30.318Z,Vritti,━━━━━━━━━━━━━━━━━━━━━━━━━━━━━━━━━━━━━━━━ 626.3/626.3 kB 12.2 MB/s eta 0:00:00
2026-07-21T13:19:30.318Z,Vritti,
2026-07-21T13:19:30.333Z,Vritti,Downloading vaderSentiment-3.3.2-py2.py3-none-any.whl (125 kB)
2026-07-21T13:19:30.333Z,Vritti,Downloading vaderSentiment-3.3.2-py2.py3-none-any.whl (125 kB)
2026-07-21T13:19:30.344Z,Vritti,━━━━━━━━━━━━━━━━━━━━━━━━━━━━━━━━━━━━━━━━ 126.0/126.0 kB 14.0 MB/s eta 0:00:00
2026-07-21T13:19:30.344Z,Vritti,━━━━━━━━━━━━━━━━━━━━━━━━━━━━━━━━━━━━━━━━ 126.0/126.0 kB 14.0 MB/s eta 0:00:00
2026-07-21T13:19:30.345Z,Vritti,
2026-07-21T13:19:30.345Z,Vritti,
2026-07-21T13:19:30.358Z,Vritti,Downloading httpcore-1.0.9-py3-none-any.whl (78 kB)
2026-07-21T13:19:30.358Z,Vritti,Downloading httpcore-1.0.9-py3-none-any.whl (78 kB)
2026-07-21T13:19:30.377Z,Vritti,━━━━━━━━━━━━━━━━━━━━━━━━━━━━━━━━━━━━━━━━ 78.8/78.8 kB 4.3 MB/s eta 0:00:00
2026-07-21T13:19:30.377Z,Vritti,━━━━━━━━━━━━━━━━━━━━━━━━━━━━━━━━━━━━━━━━ 78.8/78.8 kB 4.3 MB/s eta 0:00:00
2026-07-21T13:19:30.378Z,Vritti,
2026-07-21T13:19:30.378Z,Vritti,
2026-07-21T13:19:30.393Z,Vritti,Downloading nvidia_cublas_cu12-12.6.4.1-py3-none-manylinux2014_x86_64.manylinux_2_17_x86_64.whl (393.1 MB)
2026-07-21T13:19:30.393Z,Vritti,Downloading nvidia_cublas_cu12-12.6.4.1-py3-none-manylinux2014_x86_64.manylinux_2_17_x86_64.whl (393.1 MB)
2026-07-21T13:20:03.440Z,Vritti,━━━━━━━━━━━━━━━━━━━━━━━━━━━━━━━━━━━━━━━━ 393.1/393.1 MB 16.9 MB/s eta 0:00:00
2026-07-21T13:20:03.440Z,Vritti,━━━━━━━━━━━━━━━━━━━━━━━━━━━━━━━━━━━━━━━━ 393.1/393.1 MB 16.9 MB/s eta 0:00:00
2026-07-21T13:20:03.442Z,Vritti,
2026-07-21T13:20:03.442Z,Vritti,
2026-07-21T13:20:03.455Z,Vritti,Downloading nvidia_cuda_cupti_cu12-12.6.80-py3-none-manylinux2014_x86_64.manylinux_2_17_x86_64.whl (8.9 MB)
2026-07-21T13:20:03.455Z,Vritti,Downloading nvidia_cuda_cupti_cu12-12.6.80-py3-none-manylinux2014_x86_64.manylinux_2_17_x86_64.whl (8.9 MB)
2026-07-21T13:20:04.281Z,Vritti,━━━━━━━━━━━━━━━━━━━━━━━━━━━━━━━━━━━━━━━━ 8.9/8.9 MB 10.8 MB/s eta 0:00:00
2026-07-21T13:20:04.281Z,Vritti,
2026-07-21T13:20:04.281Z,Vritti,━━━━━━━━━━━━━━━━━━━━━━━━━━━━━━━━━━━━━━━━ 8.9/8.9 MB 10.8 MB/s eta 0:00:00
2026-07-21T13:20:04.281Z,Vritti,
2026-07-21T13:20:04.295Z,Vritti,Downloading nvidia_cuda_nvrtc_cu12-12.6.77-py3-none-manylinux2014_x86_64.whl (23.7 MB)
2026-07-21T13:20:04.295Z,Vritti,Downloading nvidia_cuda_nvrtc_cu12-12.6.77-py3-none-manylinux2014_x86_64.whl (23.7 MB)
2026-07-21T13:20:06.312Z,Vritti,━━━━━━━━━━━━━━━━━━━━━━━━━━━━━━━━━━━━━━━━ 23.7/23.7 MB 9.9 MB/s eta 0:00:00
2026-07-21T13:20:06.312Z,Vritti,━━━━━━━━━━━━━━━━━━━━━━━━━━━━━━━━━━━━━━━━ 23.7/23.7 MB 9.9 MB/s eta 0:00:00
2026-07-21T13:20:06.315Z,Vritti,
2026-07-21T13:20:06.315Z,Vritti,
2026-07-21T13:20:06.328Z,Vritti,Downloading nvidia_cuda_runtime_cu12-12.6.77-py3-none-manylinux2014_x86_64.manylinux_2_17_x86_64.whl (897 kB)
2026-07-21T13:20:06.328Z,Vritti,Downloading nvidia_cuda_runtime_cu12-12.6.77-py3-none-manylinux2014_x86_64.manylinux_2_17_x86_64.whl (897 kB)
2026-07-21T13:20:06.397Z,Vritti,━━━━━━━━━━━━━━━━━━━━━━━━━━━━━━━━━━━━━━━━ 897.7/897.7 kB 13.2 MB/s eta 0:00:00
2026-07-21T13:20:06.397Z,Vritti,━━━━━━━━━━━━━━━━━━━━━━━━━━━━━━━━━━━━━━━━ 897.7/897.7 kB 13.2 MB/s eta 0:00:00
2026-07-21T13:20:06.398Z,Vritti,
2026-07-21T13:20:06.398Z,Vritti,
2026-07-21T13:20:06.410Z,Vritti,Downloading nvidia_cudnn_cu12-9.5.1.17-py3-none-manylinux_2_28_x86_64.whl (571.0 MB)
2026-07-21T13:20:06.410Z,Vritti,Downloading nvidia_cudnn_cu12-9.5.1.17-py3-none-manylinux_2_28_x86_64.whl (571.0 MB)
2026-07-21T13:20:52.914Z,Vritti,━━━━━━━━━━━━━━━━━━━━━━━━━━━━━━━━━━━━━━━━ 571.0/571.0 MB 16.3 MB/s eta 0:00:00
2026-07-21T13:20:52.914Z,Vritti,
2026-07-21T13:20:52.914Z,Vritti,━━━━━━━━━━━━━━━━━━━━━━━━━━━━━━━━━━━━━━━━ 571.0/571.0 MB 16.3 MB/s eta 0:00:00
2026-07-21T13:20:52.914Z,Vritti,
2026-07-21T13:20:52.927Z,Vritti,Downloading nvidia_cufft_cu12-11.3.0.4-py3-none-manylinux2014_x86_64.manylinux_2_17_x86_64.whl (200.2 MB)
2026-07-21T13:20:52.927Z,Vritti,Downloading nvidia_cufft_cu12-11.3.0.4-py3-none-manylinux2014_x86_64.manylinux_2_17_x86_64.whl (200.2 MB)
2026-07-21T13:21:09.603Z,Vritti,━━━━━━━━━━━━━━━━━━━━━━━━━━━━━━━━━━━━━━━━ 200.2/200.2 MB 15.4 MB/s eta 0:00:00
2026-07-21T13:21:09.603Z,Vritti,━━━━━━━━━━━━━━━━━━━━━━━━━━━━━━━━━━━━━━━━ 200.2/200.2 MB 15.4 MB/s eta 0:00:00
2026-07-21T13:21:09.616Z,Vritti,Downloading nvidia_cufile_cu12-1.11.1.6-py3-none-manylinux2014_x86_64.manylinux_2_17_x86_64.whl (1.1 MB)
2026-07-21T13:21:09.616Z,Vritti,Downloading nvidia_cufile_cu12-1.11.1.6-py3-none-manylinux2014_x86_64.manylinux_2_17_x86_64.whl (1.1 MB)
2026-07-21T13:21:09.705Z,Vritti,━━━━━━━━━━━━━━━━━━━━━━━━━━━━━━━━━━━━━━━━ 1.1/1.1 MB 13.1 MB/s eta 0:00:00
2026-07-21T13:21:09.705Z,Vritti,━━━━━━━━━━━━━━━━━━━━━━━━━━━━━━━━━━━━━━━━ 1.1/1.1 MB 13.1 MB/s eta 0:00:00
2026-07-21T13:21:09.706Z,Vritti,
2026-07-21T13:21:09.706Z,Vritti,
2026-07-21T13:21:09.717Z,Vritti,Downloading nvidia_curand_cu12-10.3.7.77-py3-none-manylinux2014_x86_64.manylinux_2_17_x86_64.whl (56.3 MB)
2026-07-21T13:21:09.717Z,Vritti,Downloading nvidia_curand_cu12-10.3.7.77-py3-none-manylinux2014_x86_64.manylinux_2_17_x86_64.whl (56.3 MB)
2026-07-21T13:21:14.319Z,Vritti,━━━━━━━━━━━━━━━━━━━━━━━━━━━━━━━━━━━━━━━━ 56.3/56.3 MB 12.5 MB/s eta 0:00:00
2026-07-21T13:21:14.319Z,Vritti,
2026-07-21T13:21:14.319Z,Vritti,━━━━━━━━━━━━━━━━━━━━━━━━━━━━━━━━━━━━━━━━ 56.3/56.3 MB 12.5 MB/s eta 0:00:00
2026-07-21T13:21:14.319Z,Vritti,
2026-07-21T13:21:14.335Z,Vritti,Downloading nvidia_cusolver_cu12-11.7.1.2-py3-none-manylinux2014_x86_64.manylinux_2_17_x86_64.whl (158.2 MB)
2026-07-21T13:21:14.335Z,Vritti,Downloading nvidia_cusolver_cu12-11.7.1.2-py3-none-manylinux2014_x86_64.manylinux_2_17_x86_64.whl (158.2 MB)
2026-07-21T13:21:27.090Z,Vritti,━━━━━━━━━━━━━━━━━━━━━━━━━━━━━━━━━━━━━━━━ 158.2/158.2 MB 13.5 MB/s eta 0:00:00
2026-07-21T13:21:27.090Z,Vritti,━━━━━━━━━━━━━━━━━━━━━━━━━━━━━━━━━━━━━━━━ 158.2/158.2 MB 13.5 MB/s eta 0:00:00
2026-07-21T13:21:27.104Z,Vritti,Downloading nvidia_cusparse_cu12-12.5.4.2-py3-none-manylinux2014_x86_64.manylinux_2_17_x86_64.whl (216.6 MB)
2026-07-21T13:21:27.104Z,Vritti,Downloading nvidia_cusparse_cu12-12.5.4.2-py3-none-manylinux2014_x86_64.manylinux_2_17_x86_64.whl (216.6 MB)
2026-07-21T13:21:46.025Z,Vritti,━━━━━━━━━━━━━━━━━━━━━━━━━━━━━━━━━━━━━━━━ 216.6/216.6 MB 13.6 MB/s eta 0:00:00
2026-07-21T13:21:46.025Z,Vritti,━━━━━━━━━━━━━━━━━━━━━━━━━━━━━━━━━━━━━━━━ 216.6/216.6 MB 13.6 MB/s eta 0:00:00
2026-07-21T13:21:46.026Z,Vritti,
2026-07-21T13:21:46.026Z,Vritti,
2026-07-21T13:21:46.038Z,Vritti,Downloading nvidia_cusparselt_cu12-0.6.3-py3-none-manylinux2014_x86_64.whl (156.8 MB)
2026-07-21T13:21:46.038Z,Vritti,Downloading nvidia_cusparselt_cu12-0.6.3-py3-none-manylinux2014_x86_64.whl (156.8 MB)
2026-07-21T13:22:01.104Z,Vritti,━━━━━━━━━━━━━━━━━━━━━━━━━━━━━━━━━━━━━━━━ 156.8/156.8 MB 16.7 MB/s eta 0:00:00
2026-07-21T13:22:01.104Z,Vritti,
2026-07-21T13:22:01.104Z,Vritti,━━━━━━━━━━━━━━━━━━━━━━━━━━━━━━━━━━━━━━━━ 156.8/156.8 MB 16.7 MB/s eta 0:00:00
2026-07-21T13:22:01.104Z,Vritti,
2026-07-21T13:22:01.119Z,Vritti,Downloading nvidia_nccl_cu12-2.26.2-py3-none-manylinux2014_x86_64.manylinux_2_17_x86_64.whl (201.3 MB)
2026-07-21T13:22:01.119Z,Vritti,Downloading nvidia_nccl_cu12-2.26.2-py3-none-manylinux2014_x86_64.manylinux_2_17_x86_64.whl (201.3 MB)
2026-07-21T13:22:20.479Z,Vritti,━━━━━━━━━━━━━━━━━━━━━━━━━━━━━━━━━━━━━━━━ 201.3/201.3 MB 6.6 MB/s eta 0:00:00
2026-07-21T13:22:20.479Z,Vritti,━━━━━━━━━━━━━━━━━━━━━━━━━━━━━━━━━━━━━━━━ 201.3/201.3 MB 6.6 MB/s eta 0:00:00
2026-07-21T13:22:20.491Z,Vritti,Downloading nvidia_nvjitlink_cu12-12.6.85-py3-none-manylinux2010_x86_64.manylinux_2_12_x86_64.whl (19.7 MB)
2026-07-21T13:22:20.491Z,Vritti,Downloading nvidia_nvjitlink_cu12-12.6.85-py3-none-manylinux2010_x86_64.manylinux_2_12_x86_64.whl (19.7 MB)
2026-07-21T13:22:27.810Z,Vritti,━━━━━━━━━━━━━━━━━━━━━━━━━━━━━━━━━━━━━━━━ 19.7/19.7 MB 1.5 MB/s eta 0:00:00
2026-07-21T13:22:27.810Z,Vritti,━━━━━━━━━━━━━━━━━━━━━━━━━━━━━━━━━━━━━━━━ 19.7/19.7 MB 1.5 MB/s eta 0:00:00
2026-07-21T13:22:27.823Z,Vritti,Downloading nvidia_nvtx_cu12-12.6.77-py3-none-manylinux2014_x86_64.manylinux_2_17_x86_64.whl (89 kB)
2026-07-21T13:22:27.823Z,Vritti,Downloading nvidia_nvtx_cu12-12.6.77-py3-none-manylinux2014_x86_64.manylinux_2_17_x86_64.whl (89 kB)
2026-07-21T13:22:27.830Z,Vritti,━━━━━━━━━━━━━━━━━━━━━━━━━━━━━━━━━━━━━━━━ 89.3/89.3 kB 26.0 MB/s eta 0:00:00
2026-07-21T13:22:27.830Z,Vritti,
2026-07-21T13:22:27.830Z,Vritti,━━━━━━━━━━━━━━━━━━━━━━━━━━━━━━━━━━━━━━━━ 89.3/89.3 kB 26.0 MB/s eta 0:00:00
2026-07-21T13:22:27.830Z,Vritti,
2026-07-21T13:22:27.848Z,Vritti,Downloading pydantic_core-2.18.4-cp311-cp311-manylinux_2_17_x86_64.manylinux2014_x86_64.whl (2.0 MB)
2026-07-21T13:22:27.848Z,Vritti,Downloading pydantic_core-2.18.4-cp311-cp311-manylinux_2_17_x86_64.manylinux2014_x86_64.whl (2.0 MB)
2026-07-21T13:22:30.431Z,Vritti,━━━━━━━━━━━━━━━━━━━━━━━━━━━━━━━━━━━━━━━━ 2.0/2.0 MB 790.4 kB/s eta 0:00:00
2026-07-21T13:22:30.431Z,Vritti,━━━━━━━━━━━━━━━━━━━━━━━━━━━━━━━━━━━━━━━━ 2.0/2.0 MB 790.4 kB/s eta 0:00:00
2026-07-21T13:22:30.449Z,Vritti,Downloading triton-3.3.1-cp311-cp311-manylinux_2_27_x86_64.manylinux_2_28_x86_64.whl (155.7 MB)
2026-07-21T13:22:30.449Z,Vritti,Downloading triton-3.3.1-cp311-cp311-manylinux_2_27_x86_64.manylinux_2_28_x86_64.whl (155.7 MB)
2026-07-21T13:22:48.861Z,Vritti,━━━━━━━━━━━━━━━━━━━━━━━━━━━━━━━━━━━━━━━━ 155.7/155.7 MB 12.1 MB/s eta 0:00:00
2026-07-21T13:22:48.861Z,Vritti,━━━━━━━━━━━━━━━━━━━━━━━━━━━━━━━━━━━━━━━━ 155.7/155.7 MB 12.1 MB/s eta 0:00:00
2026-07-21T13:22:48.874Z,Vritti,Downloading aiosignal-1.4.0-py3-none-any.whl (7.5 kB)
2026-07-21T13:22:48.874Z,Vritti,Downloading aiosignal-1.4.0-py3-none-any.whl (7.5 kB)
2026-07-21T13:22:48.889Z,Vritti,Downloading altair-5.5.0-py3-none-any.whl (731 kB)
2026-07-21T13:22:48.889Z,Vritti,Downloading altair-5.5.0-py3-none-any.whl (731 kB)
2026-07-21T13:22:48.958Z,Vritti,━━━━━━━━━━━━━━━━━━━━━━━━━━━━━━━━━━━━━━━━ 731.2/731.2 kB 10.9 MB/s eta 0:00:00
2026-07-21T13:22:48.958Z,Vritti,━━━━━━━━━━━━━━━━━━━━━━━━━━━━━━━━━━━━━━━━ 731.2/731.2 kB 10.9 MB/s eta 0:00:00
2026-07-21T13:22:48.959Z,Vritti,
2026-07-21T13:22:48.959Z,Vritti,
2026-07-21T13:22:48.972Z,Vritti,Downloading annotated_types-0.7.0-py3-none-any.whl (13 kB)
2026-07-21T13:22:48.972Z,Vritti,Downloading annotated_types-0.7.0-py3-none-any.whl (13 kB)
2026-07-21T13:22:48.986Z,Vritti,Downloading async_lru-2.3.0-py3-none-any.whl (8.4 kB)
2026-07-21T13:22:48.986Z,Vritti,Downloading async_lru-2.3.0-py3-none-any.whl (8.4 kB)
2026-07-21T13:22:49.002Z,Vritti,Downloading async_timeout-5.0.1-py3-none-any.whl (6.2 kB)
2026-07-21T13:22:49.002Z,Vritti,Downloading async_timeout-5.0.1-py3-none-any.whl (6.2 kB)
2026-07-21T13:22:49.013Z,Vritti,Downloading attrs-26.1.0-py3-none-any.whl (67 kB)
2026-07-21T13:22:49.013Z,Vritti,Downloading attrs-26.1.0-py3-none-any.whl (67 kB)
2026-07-21T13:22:49.026Z,Vritti,━━━━━━━━━━━━━━━━━━━━━━━━━━━━━━━━━━━━━━━━ 67.5/67.5 kB 8.1 MB/s eta 0:00:00
2026-07-21T13:22:49.026Z,Vritti,
2026-07-21T13:22:49.026Z,Vritti,━━━━━━━━━━━━━━━━━━━━━━━━━━━━━━━━━━━━━━━━ 67.5/67.5 kB 8.1 MB/s eta 0:00:00
2026-07-21T13:22:49.026Z,Vritti,
2026-07-21T13:22:49.038Z,Vritti,Downloading blinker-1.9.0-py3-none-any.whl (8.5 kB)
2026-07-21T13:22:49.038Z,Vritti,Downloading blinker-1.9.0-py3-none-any.whl (8.5 kB)
2026-07-21T13:22:49.052Z,Vritti,Downloading cachetools-5.5.2-py3-none-any.whl (10 kB)
2026-07-21T13:22:49.052Z,Vritti,Downloading cachetools-5.5.2-py3-none-any.whl (10 kB)
2026-07-21T13:22:49.069Z,Vritti,Downloading certifi-2026.6.17-py3-none-any.whl (133 kB)
2026-07-21T13:22:49.069Z,Vritti,Downloading certifi-2026.6.17-py3-none-any.whl (133 kB)
2026-07-21T13:22:49.076Z,Vritti,━━━━━━━━━━━━━━━━━━━━━━━━━━━━━━━━━━━━━━━━ 133.3/133.3 kB 32.2 MB/s eta 0:00:00
2026-07-21T13:22:49.076Z,Vritti,━━━━━━━━━━━━━━━━━━━━━━━━━━━━━━━━━━━━━━━━ 133.3/133.3 kB 32.2 MB/s eta 0:00:00
2026-07-21T13:22:49.092Z,Vritti,Downloading click-8.4.2-py3-none-any.whl (119 kB)
2026-07-21T13:22:49.092Z,Vritti,Downloading click-8.4.2-py3-none-any.whl (119 kB)
2026-07-21T13:22:49.106Z,Vritti,━━━━━━━━━━━━━━━━━━━━━━━━━━━━━━━━━━━━━━━━ 119.2/119.2 kB 16.4 MB/s eta 0:00:00
2026-07-21T13:22:49.106Z,Vritti,━━━━━━━━━━━━━━━━━━━━━━━━━━━━━━━━━━━━━━━━ 119.2/119.2 kB 16.4 MB/s eta 0:00:00
2026-07-21T13:22:49.119Z,Vritti,Downloading email_validator-2.3.0-py3-none-any.whl (35 kB)
2026-07-21T13:22:49.119Z,Vritti,Downloading email_validator-2.3.0-py3-none-any.whl (35 kB)
2026-07-21T13:22:49.133Z,Vritti,Downloading fastapi_cli-0.0.32-py3-none-any.whl (14 kB)
2026-07-21T13:22:49.133Z,Vritti,Downloading fastapi_cli-0.0.32-py3-none-any.whl (14 kB)
2026-07-21T13:22:49.149Z,Vritti,Downloading frozenlist-1.8.0-cp311-cp311-manylinux1_x86_64.manylinux_2_28_x86_64.manylinux_2_5_x86_64.whl (231 kB)
2026-07-21T13:22:49.149Z,Vritti,Downloading frozenlist-1.8.0-cp311-cp311-manylinux1_x86_64.manylinux_2_28_x86_64.manylinux_2_5_x86_64.whl (231 kB)
2026-07-21T13:22:49.169Z,Vritti,━━━━━━━━━━━━━━━━━━━━━━━━━━━━━━━━━━━━━━━━ 231.1/231.1 kB 17.8 MB/s eta 0:00:00
2026-07-21T13:22:49.169Z,Vritti,
2026-07-21T13:22:49.169Z,Vritti,━━━━━━━━━━━━━━━━━━━━━━━━━━━━━━━━━━━━━━━━ 231.1/231.1 kB 17.8 MB/s eta 0:00:00
2026-07-21T13:22:49.169Z,Vritti,
2026-07-21T13:22:49.184Z,Vritti,Downloading gitpython-3.1.53-py3-none-any.whl (216 kB)
2026-07-21T13:22:49.184Z,Vritti,Downloading gitpython-3.1.53-py3-none-any.whl (216 kB)
2026-07-21T13:22:49.200Z,Vritti,━━━━━━━━━━━━━━━━━━━━━━━━━━━━━━━━━━━━━━━━ 216.2/216.2 kB 18.1 MB/s eta 0:00:00
2026-07-21T13:22:49.200Z,Vritti,━━━━━━━━━━━━━━━━━━━━━━━━━━━━━━━━━━━━━━━━ 216.2/216.2 kB 18.1 MB/s eta 0:00:00
2026-07-21T13:22:49.201Z,Vritti,
2026-07-21T13:22:49.201Z,Vritti,
2026-07-21T13:22:49.216Z,Vritti,Downloading greenlet-3.5.3-cp311-cp311-manylinux_2_24_x86_64.manylinux_2_28_x86_64.whl (617 kB)
2026-07-21T13:22:49.216Z,Vritti,Downloading greenlet-3.5.3-cp311-cp311-manylinux_2_24_x86_64.manylinux_2_28_x86_64.whl (617 kB)
2026-07-21T13:22:49.261Z,Vritti,━━━━━━━━━━━━━━━━━━━━━━━━━━━━━━━━━━━━━━━━ 617.4/617.4 kB 14.8 MB/s eta 0:00:00
2026-07-21T13:22:49.261Z,Vritti,━━━━━━━━━━━━━━━━━━━━━━━━━━━━━━━━━━━━━━━━ 617.4/617.4 kB 14.8 MB/s eta 0:00:00
2026-07-21T13:22:49.262Z,Vritti,
2026-07-21T13:22:49.262Z,Vritti,
2026-07-21T13:22:49.277Z,Vritti,Downloading h11-0.16.0-py3-none-any.whl (37 kB)
2026-07-21T13:22:49.277Z,Vritti,Downloading h11-0.16.0-py3-none-any.whl (37 kB)
2026-07-21T13:22:49.295Z,Vritti,Downloading httptools-0.8.0-cp311-cp311-manylinux1_x86_64.manylinux_2_28_x86_64.manylinux_2_5_x86_64.whl (464 kB)
2026-07-21T13:22:49.295Z,Vritti,Downloading httptools-0.8.0-cp311-cp311-manylinux1_x86_64.manylinux_2_28_x86_64.manylinux_2_5_x86_64.whl (464 kB)
2026-07-21T13:22:49.328Z,Vritti,━━━━━━━━━━━━━━━━━━━━━━━━━━━━━━━━━━━━━━━━ 464.7/464.7 kB 14.8 MB/s eta 0:00:00
2026-07-21T13:22:49.328Z,Vritti,━━━━━━━━━━━━━━━━━━━━━━━━━━━━━━━━━━━━━━━━ 464.7/464.7 kB 14.8 MB/s eta 0:00:00
2026-07-21T13:22:49.329Z,Vritti,
2026-07-21T13:22:49.329Z,Vritti,
2026-07-21T13:22:49.343Z,Vritti,Downloading huggingface_hub-0.36.2-py3-none-any.whl (566 kB)
2026-07-21T13:22:49.343Z,Vritti,Downloading huggingface_hub-0.36.2-py3-none-any.whl (566 kB)
2026-07-21T13:22:49.388Z,Vritti,━━━━━━━━━━━━━━━━━━━━━━━━━━━━━━━━━━━━━━━━ 566.4/566.4 kB 13.8 MB/s eta 0:00:00
2026-07-21T13:22:49.388Z,Vritti,━━━━━━━━━━━━━━━━━━━━━━━━━━━━━━━━━━━━━━━━ 566.4/566.4 kB 13.8 MB/s eta 0:00:00
2026-07-21T13:22:49.389Z,Vritti,
2026-07-21T13:22:49.389Z,Vritti,
2026-07-21T13:22:49.401Z,Vritti,Downloading fsspec-2026.6.0-py3-none-any.whl (203 kB)
2026-07-21T13:22:49.401Z,Vritti,Downloading fsspec-2026.6.0-py3-none-any.whl (203 kB)
2026-07-21T13:22:49.418Z,Vritti,━━━━━━━━━━━━━━━━━━━━━━━━━━━━━━━━━━━━━━━━ 203.9/203.9 kB 16.8 MB/s eta 0:00:00
2026-07-21T13:22:49.418Z,Vritti,━━━━━━━━━━━━━━━━━━━━━━━━━━━━━━━━━━━━━━━━ 203.9/203.9 kB 16.8 MB/s eta 0:00:00
2026-07-21T13:22:49.419Z,Vritti,
2026-07-21T13:22:49.419Z,Vritti,
2026-07-21T13:22:49.432Z,Vritti,Downloading idna-3.18-py3-none-any.whl (65 kB)
2026-07-21T13:22:49.432Z,Vritti,Downloading idna-3.18-py3-none-any.whl (65 kB)
2026-07-21T13:22:49.442Z,Vritti,━━━━━━━━━━━━━━━━━━━━━━━━━━━━━━━━━━━━━━━━ 65.5/65.5 kB 9.4 MB/s eta 0:00:00
2026-07-21T13:22:49.442Z,Vritti,
2026-07-21T13:22:49.442Z,Vritti,━━━━━━━━━━━━━━━━━━━━━━━━━━━━━━━━━━━━━━━━ 65.5/65.5 kB 9.4 MB/s eta 0:00:00
2026-07-21T13:22:49.442Z,Vritti,
2026-07-21T13:22:49.458Z,Vritti,Downloading ipykernel-7.3.0-py3-none-any.whl (120 kB)
2026-07-21T13:22:49.458Z,Vritti,Downloading ipykernel-7.3.0-py3-none-any.whl (120 kB)
2026-07-21T13:22:49.465Z,Vritti,━━━━━━━━━━━━━━━━━━━━━━━━━━━━━━━━━━━━━━━━ 120.6/120.6 kB 44.9 MB/s eta 0:00:00
2026-07-21T13:22:49.465Z,Vritti,
2026-07-21T13:22:49.465Z,Vritti,━━━━━━━━━━━━━━━━━━━━━━━━━━━━━━━━━━━━━━━━ 120.6/120.6 kB 44.9 MB/s eta 0:00:00
2026-07-21T13:22:49.465Z,Vritti,
2026-07-21T13:22:49.478Z,Vritti,Downloading jinja2-3.1.6-py3-none-any.whl (134 kB)
2026-07-21T13:22:49.478Z,Vritti,Downloading jinja2-3.1.6-py3-none-any.whl (134 kB)
2026-07-21T13:22:49.488Z,Vritti,━━━━━━━━━━━━━━━━━━━━━━━━━━━━━━━━━━━━━━━━ 134.9/134.9 kB 18.1 MB/s eta 0:00:00
2026-07-21T13:22:49.488Z,Vritti,
2026-07-21T13:22:49.488Z,Vritti,━━━━━━━━━━━━━━━━━━━━━━━━━━━━━━━━━━━━━━━━ 134.9/134.9 kB 18.1 MB/s eta 0:00:00
2026-07-21T13:22:49.488Z,Vritti,
2026-07-21T13:22:49.502Z,Vritti,Downloading joblib-1.5.3-py3-none-any.whl (309 kB)
2026-07-21T13:22:49.502Z,Vritti,Downloading joblib-1.5.3-py3-none-any.whl (309 kB)
2026-07-21T13:22:49.524Z,Vritti,━━━━━━━━━━━━━━━━━━━━━━━━━━━━━━━━━━━━━━━━ 309.1/309.1 kB 15.9 MB/s eta 0:00:00
2026-07-21T13:22:49.524Z,Vritti,━━━━━━━━━━━━━━━━━━━━━━━━━━━━━━━━━━━━━━━━ 309.1/309.1 kB 15.9 MB/s eta 0:00:00
2026-07-21T13:22:49.525Z,Vritti,
2026-07-21T13:22:49.525Z,Vritti,
2026-07-21T13:22:49.539Z,Vritti,Downloading jupyter_core-5.9.1-py3-none-any.whl (29 kB)
2026-07-21T13:22:49.539Z,Vritti,Downloading jupyter_core-5.9.1-py3-none-any.whl (29 kB)
2026-07-21T13:22:49.553Z,Vritti,Downloading jupyter_lsp-2.3.1-py3-none-any.whl (77 kB)
2026-07-21T13:22:49.553Z,Vritti,Downloading jupyter_lsp-2.3.1-py3-none-any.whl (77 kB)
2026-07-21T13:22:49.560Z,Vritti,━━━━━━━━━━━━━━━━━━━━━━━━━━━━━━━━━━━━━━━━ 77.5/77.5 kB 16.9 MB/s eta 0:00:00
2026-07-21T13:22:49.560Z,Vritti,
2026-07-21T13:22:49.560Z,Vritti,━━━━━━━━━━━━━━━━━━━━━━━━━━━━━━━━━━━━━━━━ 77.5/77.5 kB 16.9 MB/s eta 0:00:00
2026-07-21T13:22:49.560Z,Vritti,
2026-07-21T13:22:49.576Z,Vritti,Downloading jupyter_server-2.20.0-py3-none-any.whl (393 kB)
2026-07-21T13:22:49.576Z,Vritti,Downloading jupyter_server-2.20.0-py3-none-any.whl (393 kB)
2026-07-21T13:22:49.606Z,Vritti,━━━━━━━━━━━━━━━━━━━━━━━━━━━━━━━━━━━━━━━━ 393.1/393.1 kB 15.8 MB/s eta 0:00:00
2026-07-21T13:22:49.606Z,Vritti,
2026-07-21T13:22:49.606Z,Vritti,━━━━━━━━━━━━━━━━━━━━━━━━━━━━━━━━━━━━━━━━ 393.1/393.1 kB 15.8 MB/s eta 0:00:00
2026-07-21T13:22:49.606Z,Vritti,
2026-07-21T13:22:49.619Z,Vritti,Downloading anyio-4.14.2-py3-none-any.whl (125 kB)
2026-07-21T13:22:49.619Z,Vritti,Downloading anyio-4.14.2-py3-none-any.whl (125 kB)
2026-07-21T13:22:49.630Z,Vritti,━━━━━━━━━━━━━━━━━━━━━━━━━━━━━━━━━━━━━━━━ 125.8/125.8 kB 16.2 MB/s eta 0:00:00
2026-07-21T13:22:49.630Z,Vritti,━━━━━━━━━━━━━━━━━━━━━━━━━━━━━━━━━━━━━━━━ 125.8/125.8 kB 16.2 MB/s eta 0:00:00
2026-07-21T13:22:49.632Z,Vritti,
2026-07-21T13:22:49.632Z,Vritti,
2026-07-21T13:22:49.659Z,Vritti,Downloading jupyterlab_server-2.28.0-py3-none-any.whl (59 kB)
2026-07-21T13:22:49.659Z,Vritti,Downloading jupyterlab_server-2.28.0-py3-none-any.whl (59 kB)
2026-07-21T13:22:49.663Z,Vritti,━━━━━━━━━━━━━━━━━━━━━━━━━━━━━━━━━━━━━━━━ 59.8/59.8 kB 81.4 MB/s eta 0:00:00
2026-07-21T13:22:49.663Z,Vritti,
2026-07-21T13:22:49.663Z,Vritti,━━━━━━━━━━━━━━━━━━━━━━━━━━━━━━━━━━━━━━━━ 59.8/59.8 kB 81.4 MB/s eta 0:00:00
2026-07-21T13:22:49.663Z,Vritti,
2026-07-21T13:22:49.677Z,Vritti,Downloading mccabe-0.7.0-py2.py3-none-any.whl (7.3 kB)
2026-07-21T13:22:49.677Z,Vritti,Downloading mccabe-0.7.0-py2.py3-none-any.whl (7.3 kB)
2026-07-21T13:22:49.692Z,Vritti,Downloading multidict-6.7.1-cp311-cp311-manylinux2014_x86_64.manylinux_2_17_x86_64.manylinux_2_28_x86_64.whl (246 kB)
2026-07-21T13:22:49.692Z,Vritti,Downloading multidict-6.7.1-cp311-cp311-manylinux2014_x86_64.manylinux_2_17_x86_64.manylinux_2_28_x86_64.whl (246 kB)
2026-07-21T13:22:49.714Z,Vritti,━━━━━━━━━━━━━━━━━━━━━━━━━━━━━━━━━━━━━━━━ 246.3/246.3 kB 13.1 MB/s eta 0:00:00
2026-07-21T13:22:49.714Z,Vritti,━━━━━━━━━━━━━━━━━━━━━━━━━━━━━━━━━━━━━━━━ 246.3/246.3 kB 13.1 MB/s eta 0:00:00
2026-07-21T13:22:49.715Z,Vritti,
2026-07-21T13:22:49.715Z,Vritti,
2026-07-21T13:22:49.730Z,Vritti,Downloading mypy_extensions-1.1.0-py3-none-any.whl (5.0 kB)
2026-07-21T13:22:49.730Z,Vritti,Downloading mypy_extensions-1.1.0-py3-none-any.whl (5.0 kB)
2026-07-21T13:22:49.749Z,Vritti,Downloading nltk-3.10.0-py3-none-any.whl (1.7 MB)
2026-07-21T13:22:49.749Z,Vritti,Downloading nltk-3.10.0-py3-none-any.whl (1.7 MB)
2026-07-21T13:22:49.854Z,Vritti,━━━━━━━━━━━━━━━━━━━━━━━━━━━━━━━━━━━━━━━━ 1.7/1.7 MB 16.8 MB/s eta 0:00:00
2026-07-21T13:22:49.854Z,Vritti,━━━━━━━━━━━━━━━━━━━━━━━━━━━━━━━━━━━━━━━━ 1.7/1.7 MB 16.8 MB/s eta 0:00:00
2026-07-21T13:22:49.855Z,Vritti,
2026-07-21T13:22:49.855Z,Vritti,
2026-07-21T13:22:49.869Z,Vritti,Downloading notebook_shim-0.2.4-py3-none-any.whl (13 kB)
2026-07-21T13:22:49.869Z,Vritti,Downloading notebook_shim-0.2.4-py3-none-any.whl (13 kB)
2026-07-21T13:22:49.886Z,Vritti,Downloading orjson-3.11.9-cp311-cp311-manylinux_2_17_x86_64.manylinux2014_x86_64.whl (133 kB)
2026-07-21T13:22:49.886Z,Vritti,Downloading orjson-3.11.9-cp311-cp311-manylinux_2_17_x86_64.manylinux2014_x86_64.whl (133 kB)
2026-07-21T13:22:49.899Z,Vritti,━━━━━━━━━━━━━━━━━━━━━━━━━━━━━━━━━━━━━━━━ 134.0/134.0 kB 14.3 MB/s eta 0:00:00
2026-07-21T13:22:49.899Z,Vritti,
2026-07-21T13:22:49.899Z,Vritti,━━━━━━━━━━━━━━━━━━━━━━━━━━━━━━━━━━━━━━━━ 134.0/134.0 kB 14.3 MB/s eta 0:00:00
2026-07-21T13:22:49.899Z,Vritti,
2026-07-21T13:22:49.919Z,Vritti,Downloading packaging-24.2-py3-none-any.whl (65 kB)
2026-07-21T13:22:49.919Z,Vritti,Downloading packaging-24.2-py3-none-any.whl (65 kB)
2026-07-21T13:22:49.924Z,Vritti,━━━━━━━━━━━━━━━━━━━━━━━━━━━━━━━━━━━━━━━━ 65.5/65.5 kB 20.2 MB/s eta 0:00:00
2026-07-21T13:22:49.924Z,Vritti,━━━━━━━━━━━━━━━━━━━━━━━━━━━━━━━━━━━━━━━━ 65.5/65.5 kB 20.2 MB/s eta 0:00:00
2026-07-21T13:22:49.925Z,Vritti,
2026-07-21T13:22:49.925Z,Vritti,
2026-07-21T13:22:49.939Z,Vritti,Downloading pathspec-1.1.1-py3-none-any.whl (57 kB)
2026-07-21T13:22:49.939Z,Vritti,Downloading pathspec-1.1.1-py3-none-any.whl (57 kB)
2026-07-21T13:22:49.948Z,Vritti,━━━━━━━━━━━━━━━━━━━━━━━━━━━━━━━━━━━━━━━━ 57.3/57.3 kB 8.9 MB/s eta 0:00:00
2026-07-21T13:22:49.948Z,Vritti,━━━━━━━━━━━━━━━━━━━━━━━━━━━━━━━━━━━━━━━━ 57.3/57.3 kB 8.9 MB/s eta 0:00:00
2026-07-21T13:22:49.949Z,Vritti,
2026-07-21T13:22:49.949Z,Vritti,
2026-07-21T13:22:49.966Z,Vritti,Downloading pillow-10.4.0-cp311-cp311-manylinux_2_28_x86_64.whl (4.5 MB)
2026-07-21T13:22:49.966Z,Vritti,Downloading pillow-10.4.0-cp311-cp311-manylinux_2_28_x86_64.whl (4.5 MB)
2026-07-21T13:22:50.309Z,Vritti,━━━━━━━━━━━━━━━━━━━━━━━━━━━━━━━━━━━━━━━━ 4.5/4.5 MB 13.3 MB/s eta 0:00:00
2026-07-21T13:22:50.309Z,Vritti,
2026-07-21T13:22:50.309Z,Vritti,━━━━━━━━━━━━━━━━━━━━━━━━━━━━━━━━━━━━━━━━ 4.5/4.5 MB 13.3 MB/s eta 0:00:00
2026-07-21T13:22:50.309Z,Vritti,
2026-07-21T13:22:50.329Z,Vritti,Downloading platformdirs-4.11.0-py3-none-any.whl (23 kB)
2026-07-21T13:22:50.329Z,Vritti,Downloading platformdirs-4.11.0-py3-none-any.whl (23 kB)
2026-07-21T13:22:50.351Z,Vritti,Downloading pluggy-1.6.0-py3-none-any.whl (20 kB)
2026-07-21T13:22:50.351Z,Vritti,Downloading pluggy-1.6.0-py3-none-any.whl (20 kB)
2026-07-21T13:22:50.372Z,Vritti,Downloading protobuf-4.25.9-cp37-abi3-manylinux2014_x86_64.whl (295 kB)
2026-07-21T13:22:50.372Z,Vritti,Downloading protobuf-4.25.9-cp37-abi3-manylinux2014_x86_64.whl (295 kB)
2026-07-21T13:22:50.387Z,Vritti,━━━━━━━━━━━━━━━━━━━━━━━━━━━━━━━━━━━━━━━━ 295.2/295.2 kB 25.1 MB/s eta 0:00:00
2026-07-21T13:22:50.387Z,Vritti,━━━━━━━━━━━━━━━━━━━━━━━━━━━━━━━━━━━━━━━━ 295.2/295.2 kB 25.1 MB/s eta 0:00:00
2026-07-21T13:22:50.388Z,Vritti,
2026-07-21T13:22:50.388Z,Vritti,
2026-07-21T13:22:50.401Z,Vritti,Downloading pyarrow-25.0.0-cp311-cp311-manylinux_2_28_x86_64.whl (50.1 MB)
2026-07-21T13:22:50.401Z,Vritti,Downloading pyarrow-25.0.0-cp311-cp311-manylinux_2_28_x86_64.whl (50.1 MB)
2026-07-21T13:22:55.004Z,Vritti,━━━━━━━━━━━━━━━━━━━━━━━━━━━━━━━━━━━━━━━━ 50.1/50.1 MB 8.9 MB/s eta 0:00:00
2026-07-21T13:22:55.004Z,Vritti,
2026-07-21T13:22:55.004Z,Vritti,━━━━━━━━━━━━━━━━━━━━━━━━━━━━━━━━━━━━━━━━ 50.1/50.1 MB 8.9 MB/s eta 0:00:00
2026-07-21T13:22:55.004Z,Vritti,
2026-07-21T13:22:55.017Z,Vritti,Downloading pycodestyle-2.12.1-py2.py3-none-any.whl (31 kB)
2026-07-21T13:22:55.017Z,Vritti,Downloading pycodestyle-2.12.1-py2.py3-none-any.whl (31 kB)
2026-07-21T13:22:55.032Z,Vritti,Downloading pydeck-0.9.3-py2.py3-none-any.whl (11.4 MB)
2026-07-21T13:22:55.032Z,Vritti,Downloading pydeck-0.9.3-py2.py3-none-any.whl (11.4 MB)
2026-07-21T13:22:56.217Z,Vritti,━━━━━━━━━━━━━━━━━━━━━━━━━━━━━━━━━━━━━━━━ 11.4/11.4 MB 18.2 MB/s eta 0:00:00
2026-07-21T13:22:56.217Z,Vritti,━━━━━━━━━━━━━━━━━━━━━━━━━━━━━━━━━━━━━━━━ 11.4/11.4 MB 18.2 MB/s eta 0:00:00
2026-07-21T13:22:56.218Z,Vritti,
2026-07-21T13:22:56.218Z,Vritti,
2026-07-21T13:22:56.234Z,Vritti,Downloading pyflakes-3.2.0-py2.py3-none-any.whl (62 kB)
2026-07-21T13:22:56.234Z,Vritti,Downloading pyflakes-3.2.0-py2.py3-none-any.whl (62 kB)
2026-07-21T13:22:56.250Z,Vritti,━━━━━━━━━━━━━━━━━━━━━━━━━━━━━━━━━━━━━━━━ 62.7/62.7 kB 6.1 MB/s eta 0:00:00
2026-07-21T13:22:56.250Z,Vritti,━━━━━━━━━━━━━━━━━━━━━━━━━━━━━━━━━━━━━━━━ 62.7/62.7 kB 6.1 MB/s eta 0:00:00
2026-07-21T13:22:56.251Z,Vritti,
2026-07-21T13:22:56.251Z,Vritti,
2026-07-21T13:22:56.263Z,Vritti,Downloading python_dateutil-2.9.0.post0-py2.py3-none-any.whl (229 kB)
2026-07-21T13:22:56.263Z,Vritti,Downloading python_dateutil-2.9.0.post0-py2.py3-none-any.whl (229 kB)
2026-07-21T13:22:56.278Z,Vritti,━━━━━━━━━━━━━━━━━━━━━━━━━━━━━━━━━━━━━━━━ 229.9/229.9 kB 20.2 MB/s eta 0:00:00
2026-07-21T13:22:56.278Z,Vritti,━━━━━━━━━━━━━━━━━━━━━━━━━━━━━━━━━━━━━━━━ 229.9/229.9 kB 20.2 MB/s eta 0:00:00
2026-07-21T13:22:56.279Z,Vritti,
2026-07-21T13:22:56.279Z,Vritti,
2026-07-21T13:22:56.291Z,Vritti,Downloading python_multipart-0.0.32-py3-none-any.whl (30 kB)
2026-07-21T13:22:56.291Z,Vritti,Downloading python_multipart-0.0.32-py3-none-any.whl (30 kB)
2026-07-21T13:22:56.311Z,Vritti,Downloading pytz-2026.2-py2.py3-none-any.whl (510 kB)
2026-07-21T13:22:56.311Z,Vritti,Downloading pytz-2026.2-py2.py3-none-any.whl (510 kB)
2026-07-21T13:22:56.338Z,Vritti,━━━━━━━━━━━━━━━━━━━━━━━━━━━━━━━━━━━━━━━━ 510.1/510.1 kB 21.1 MB/s eta 0:00:00
2026-07-21T13:22:56.338Z,Vritti,━━━━━━━━━━━━━━━━━━━━━━━━━━━━━━━━━━━━━━━━ 510.1/510.1 kB 21.1 MB/s eta 0:00:00
2026-07-21T13:22:56.339Z,Vritti,
2026-07-21T13:22:56.339Z,Vritti,
2026-07-21T13:22:56.356Z,Vritti,Downloading pyyaml-6.0.3-cp311-cp311-manylinux2014_x86_64.manylinux_2_17_x86_64.manylinux_2_28_x86_64.whl (806 kB)
2026-07-21T13:22:56.356Z,Vritti,Downloading pyyaml-6.0.3-cp311-cp311-manylinux2014_x86_64.manylinux_2_17_x86_64.manylinux_2_28_x86_64.whl (806 kB)
2026-07-21T13:22:56.395Z,Vritti,━━━━━━━━━━━━━━━━━━━━━━━━━━━━━━━━━━━━━━━━ 806.6/806.6 kB 23.0 MB/s eta 0:00:00
2026-07-21T13:22:56.395Z,Vritti,━━━━━━━━━━━━━━━━━━━━━━━━━━━━━━━━━━━━━━━━ 806.6/806.6 kB 23.0 MB/s eta 0:00:00
2026-07-21T13:22:56.396Z,Vritti,
2026-07-21T13:22:56.396Z,Vritti,
2026-07-21T13:22:56.409Z,Vritti,Downloading regex-2026.7.19-cp311-cp311-manylinux2014_x86_64.manylinux_2_17_x86_64.manylinux_2_28_x86_64.whl (801 kB)
2026-07-21T13:22:56.409Z,Vritti,Downloading regex-2026.7.19-cp311-cp311-manylinux2014_x86_64.manylinux_2_17_x86_64.manylinux_2_28_x86_64.whl (801 kB)
2026-07-21T13:22:56.444Z,Vritti,━━━━━━━━━━━━━━━━━━━━━━━━━━━━━━━━━━━━━━━━ 801.4/801.4 kB 27.8 MB/s eta 0:00:00
2026-07-21T13:22:56.444Z,Vritti,━━━━━━━━━━━━━━━━━━━━━━━━━━━━━━━━━━━━━━━━ 801.4/801.4 kB 27.8 MB/s eta 0:00:00
2026-07-21T13:22:56.445Z,Vritti,
2026-07-21T13:22:56.445Z,Vritti,
2026-07-21T13:22:56.462Z,Vritti,Downloading requests-2.34.2-py3-none-any.whl (73 kB)
2026-07-21T13:22:56.462Z,Vritti,Downloading requests-2.34.2-py3-none-any.whl (73 kB)
2026-07-21T13:22:56.473Z,Vritti,━━━━━━━━━━━━━━━━━━━━━━━━━━━━━━━━━━━━━━━━ 73.1/73.1 kB 17.9 MB/s eta 0:00:00
2026-07-21T13:22:56.473Z,Vritti,
2026-07-21T13:22:56.473Z,Vritti,━━━━━━━━━━━━━━━━━━━━━━━━━━━━━━━━━━━━━━━━ 73.1/73.1 kB 17.9 MB/s eta 0:00:00
2026-07-21T13:22:56.473Z,Vritti,
2026-07-21T13:22:56.486Z,Vritti,Downloading rich-13.9.4-py3-none-any.whl (242 kB)
2026-07-21T13:22:56.486Z,Vritti,Downloading rich-13.9.4-py3-none-any.whl (242 kB)
2026-07-21T13:22:56.504Z,Vritti,━━━━━━━━━━━━━━━━━━━━━━━━━━━━━━━━━━━━━━━━ 242.4/242.4 kB 16.9 MB/s eta 0:00:00
2026-07-21T13:22:56.504Z,Vritti,
2026-07-21T13:22:56.504Z,Vritti,━━━━━━━━━━━━━━━━━━━━━━━━━━━━━━━━━━━━━━━━ 242.4/242.4 kB 16.9 MB/s eta 0:00:00
2026-07-21T13:22:56.504Z,Vritti,
2026-07-21T13:22:56.518Z,Vritti,Downloading safetensors-0.8.0-cp310-abi3-manylinux_2_17_x86_64.manylinux2014_x86_64.whl (516 kB)
2026-07-21T13:22:56.518Z,Vritti,Downloading safetensors-0.8.0-cp310-abi3-manylinux_2_17_x86_64.manylinux2014_x86_64.whl (516 kB)
2026-07-21T13:22:56.581Z,Vritti,━━━━━━━━━━━━━━━━━━━━━━━━━━━━━━━━━━━━━━━━ 516.0/516.0 kB 8.9 MB/s eta 0:00:00
2026-07-21T13:22:56.581Z,Vritti,
2026-07-21T13:22:56.581Z,Vritti,━━━━━━━━━━━━━━━━━━━━━━━━━━━━━━━━━━━━━━━━ 516.0/516.0 kB 8.9 MB/s eta 0:00:00
2026-07-21T13:22:56.581Z,Vritti,
2026-07-21T13:22:56.596Z,Vritti,Downloading starlette-0.37.2-py3-none-any.whl (71 kB)
2026-07-21T13:22:56.596Z,Vritti,Downloading starlette-0.37.2-py3-none-any.whl (71 kB)
2026-07-21T13:22:56.606Z,Vritti,━━━━━━━━━━━━━━━━━━━━━━━━━━━━━━━━━━━━━━━━ 71.9/71.9 kB 18.5 MB/s eta 0:00:00
2026-07-21T13:22:56.606Z,Vritti,━━━━━━━━━━━━━━━━━━━━━━━━━━━━━━━━━━━━━━━━ 71.9/71.9 kB 18.5 MB/s eta 0:00:00
2026-07-21T13:22:56.610Z,Vritti,
2026-07-21T13:22:56.610Z,Vritti,
2026-07-21T13:22:56.628Z,Vritti,Downloading sympy-1.14.0-py3-none-any.whl (6.3 MB)
2026-07-21T13:22:56.628Z,Vritti,Downloading sympy-1.14.0-py3-none-any.whl (6.3 MB)
2026-07-21T13:22:56.898Z,Vritti,━━━━━━━━━━━━━━━━━━━━━━━━━━━━━━━━━━━━━━━━ 6.3/6.3 MB 23.9 MB/s eta 0:00:00
2026-07-21T13:22:56.898Z,Vritti,━━━━━━━━━━━━━━━━━━━━━━━━━━━━━━━━━━━━━━━━ 6.3/6.3 MB 23.9 MB/s eta 0:00:00
2026-07-21T13:22:56.899Z,Vritti,
2026-07-21T13:22:56.899Z,Vritti,
2026-07-21T13:22:56.911Z,Vritti,Downloading tenacity-8.5.0-py3-none-any.whl (28 kB)
2026-07-21T13:22:56.911Z,Vritti,Downloading tenacity-8.5.0-py3-none-any.whl (28 kB)
2026-07-21T13:22:56.925Z,Vritti,Downloading threadpoolctl-3.6.0-py3-none-any.whl (18 kB)
2026-07-21T13:22:56.925Z,Vritti,Downloading threadpoolctl-3.6.0-py3-none-any.whl (18 kB)
2026-07-21T13:22:56.939Z,Vritti,Downloading tokenizers-0.19.1-cp311-cp311-manylinux_2_17_x86_64.manylinux2014_x86_64.whl (3.6 MB)
2026-07-21T13:22:56.939Z,Vritti,Downloading tokenizers-0.19.1-cp311-cp311-manylinux_2_17_x86_64.manylinux2014_x86_64.whl (3.6 MB)
2026-07-21T13:22:57.152Z,Vritti,━━━━━━━━━━━━━━━━━━━━━━━━━━━━━━━━━━━━━━━━ 3.6/3.6 MB 17.2 MB/s eta 0:00:00
2026-07-21T13:22:57.152Z,Vritti,━━━━━━━━━━━━━━━━━━━━━━━━━━━━━━━━━━━━━━━━ 3.6/3.6 MB 17.2 MB/s eta 0:00:00
2026-07-21T13:22:57.153Z,Vritti,
2026-07-21T13:22:57.153Z,Vritti,
2026-07-21T13:22:57.166Z,Vritti,Downloading toml-0.10.2-py2.py3-none-any.whl (16 kB)
2026-07-21T13:22:57.166Z,Vritti,Downloading toml-0.10.2-py2.py3-none-any.whl (16 kB)
2026-07-21T13:22:57.180Z,Vritti,Downloading tornado-6.5.7-cp39-abi3-manylinux1_x86_64.manylinux_2_28_x86_64.manylinux_2_5_x86_64.whl (449 kB)
2026-07-21T13:22:57.180Z,Vritti,Downloading tornado-6.5.7-cp39-abi3-manylinux1_x86_64.manylinux_2_28_x86_64.manylinux_2_5_x86_64.whl (449 kB)
2026-07-21T13:22:57.257Z,Vritti,━━━━━━━━━━━━━━━━━━━━━━━━━━━━━━━━━━━━━━━━ 449.8/449.8 kB 6.3 MB/s eta 0:00:00
2026-07-21T13:22:57.257Z,Vritti,━━━━━━━━━━━━━━━━━━━━━━━━━━━━━━━━━━━━━━━━ 449.8/449.8 kB 6.3 MB/s eta 0:00:00
2026-07-21T13:22:57.259Z,Vritti,
2026-07-21T13:22:57.259Z,Vritti,
2026-07-21T13:22:57.270Z,Vritti,Downloading tqdm-4.69.0-py3-none-any.whl (676 kB)
2026-07-21T13:22:57.270Z,Vritti,Downloading tqdm-4.69.0-py3-none-any.whl (676 kB)
2026-07-21T13:22:57.314Z,Vritti,━━━━━━━━━━━━━━━━━━━━━━━━━━━━━━━━━━━━━━━━ 676.7/676.7 kB 17.0 MB/s eta 0:00:00
2026-07-21T13:22:57.314Z,Vritti,━━━━━━━━━━━━━━━━━━━━━━━━━━━━━━━━━━━━━━━━ 676.7/676.7 kB 17.0 MB/s eta 0:00:00
2026-07-21T13:22:57.315Z,Vritti,
2026-07-21T13:22:57.315Z,Vritti,
2026-07-21T13:22:57.329Z,Vritti,Downloading traitlets-5.15.1-py3-none-any.whl (85 kB)
2026-07-21T13:22:57.329Z,Vritti,Downloading traitlets-5.15.1-py3-none-any.whl (85 kB)
2026-07-21T13:22:57.337Z,Vritti,━━━━━━━━━━━━━━━━━━━━━━━━━━━━━━━━━━━━━━━━ 85.9/85.9 kB 14.8 MB/s eta 0:00:00
2026-07-21T13:22:57.337Z,Vritti,━━━━━━━━━━━━━━━━━━━━━━━━━━━━━━━━━━━━━━━━ 85.9/85.9 kB 14.8 MB/s eta 0:00:00
2026-07-21T13:22:57.338Z,Vritti,
2026-07-21T13:22:57.338Z,Vritti,
2026-07-21T13:22:57.351Z,Vritti,Downloading typing_extensions-4.16.0-py3-none-any.whl (45 kB)
2026-07-21T13:22:57.351Z,Vritti,Downloading typing_extensions-4.16.0-py3-none-any.whl (45 kB)
2026-07-21T13:22:57.355Z,Vritti,━━━━━━━━━━━━━━━━━━━━━━━━━━━━━━━━━━━━━━━━ 45.6/45.6 kB 31.3 MB/s eta 0:00:00
2026-07-21T13:22:57.355Z,Vritti,
2026-07-21T13:22:57.355Z,Vritti,━━━━━━━━━━━━━━━━━━━━━━━━━━━━━━━━━━━━━━━━ 45.6/45.6 kB 31.3 MB/s eta 0:00:00
2026-07-21T13:22:57.355Z,Vritti,
2026-07-21T13:22:57.367Z,Vritti,Downloading tzdata-2026.3-py2.py3-none-any.whl (348 kB)
2026-07-21T13:22:57.367Z,Vritti,Downloading tzdata-2026.3-py2.py3-none-any.whl (348 kB)
2026-07-21T13:22:57.387Z,Vritti,━━━━━━━━━━━━━━━━━━━━━━━━━━━━━━━━━━━━━━━━ 348.2/348.2 kB 24.8 MB/s eta 0:00:00
2026-07-21T13:22:57.387Z,Vritti,━━━━━━━━━━━━━━━━━━━━━━━━━━━━━━━━━━━━━━━━ 348.2/348.2 kB 24.8 MB/s eta 0:00:00
2026-07-21T13:22:57.388Z,Vritti,
2026-07-21T13:22:57.388Z,Vritti,
2026-07-21T13:22:57.404Z,Vritti,Downloading ujson-5.13.0-cp311-cp311-manylinux_2_24_x86_64.manylinux_2_28_x86_64.whl (57 kB)
2026-07-21T13:22:57.404Z,Vritti,Downloading ujson-5.13.0-cp311-cp311-manylinux_2_24_x86_64.manylinux_2_28_x86_64.whl (57 kB)
2026-07-21T13:22:57.410Z,Vritti,━━━━━━━━━━━━━━━━━━━━━━━━━━━━━━━━━━━━━━━━ 57.9/57.9 kB 20.3 MB/s eta 0:00:00
2026-07-21T13:22:57.410Z,Vritti,━━━━━━━━━━━━━━━━━━━━━━━━━━━━━━━━━━━━━━━━ 57.9/57.9 kB 20.3 MB/s eta 0:00:00
2026-07-21T13:22:57.411Z,Vritti,
2026-07-21T13:22:57.411Z,Vritti,
2026-07-21T13:22:57.423Z,Vritti,Downloading urllib3-2.7.0-py3-none-any.whl (131 kB)
2026-07-21T13:22:57.423Z,Vritti,Downloading urllib3-2.7.0-py3-none-any.whl (131 kB)
2026-07-21T13:22:57.439Z,Vritti,━━━━━━━━━━━━━━━━━━━━━━━━━━━━━━━━━━━━━━━━ 131.1/131.1 kB 23.1 MB/s eta 0:00:00
2026-07-21T13:22:57.439Z,Vritti,━━━━━━━━━━━━━━━━━━━━━━━━━━━━━━━━━━━━━━━━ 131.1/131.1 kB 23.1 MB/s eta 0:00:00
2026-07-21T13:22:57.440Z,Vritti,
2026-07-21T13:22:57.440Z,Vritti,
2026-07-21T13:22:57.453Z,Vritti,Downloading uvloop-0.22.1-cp311-cp311-manylinux2014_x86_64.manylinux_2_17_x86_64.manylinux_2_28_x86_64.whl (3.8 MB)
2026-07-21T13:22:57.453Z,Vritti,Downloading uvloop-0.22.1-cp311-cp311-manylinux2014_x86_64.manylinux_2_17_x86_64.manylinux_2_28_x86_64.whl (3.8 MB)
2026-07-21T13:22:57.612Z,Vritti,━━━━━━━━━━━━━━━━━━━━━━━━━━━━━━━━━━━━━━━━ 3.8/3.8 MB 24.8 MB/s eta 0:00:00
2026-07-21T13:22:57.612Z,Vritti,━━━━━━━━━━━━━━━━━━━━━━━━━━━━━━━━━━━━━━━━ 3.8/3.8 MB 24.8 MB/s eta 0:00:00
2026-07-21T13:22:57.613Z,Vritti,
2026-07-21T13:22:57.613Z,Vritti,
2026-07-21T13:22:57.625Z,Vritti,Downloading watchdog-6.0.0-py3-none-manylinux2014_x86_64.whl (79 kB)
2026-07-21T13:22:57.625Z,Vritti,Downloading watchdog-6.0.0-py3-none-manylinux2014_x86_64.whl (79 kB)
2026-07-21T13:22:57.633Z,Vritti,━━━━━━━━━━━━━━━━━━━━━━━━━━━━━━━━━━━━━━━━ 79.1/79.1 kB 16.0 MB/s eta 0:00:00
2026-07-21T13:22:57.633Z,Vritti,
2026-07-21T13:22:57.633Z,Vritti,━━━━━━━━━━━━━━━━━━━━━━━━━━━━━━━━━━━━━━━━ 79.1/79.1 kB 16.0 MB/s eta 0:00:00
2026-07-21T13:22:57.633Z,Vritti,
2026-07-21T13:22:57.646Z,Vritti,Downloading watchfiles-1.2.0-cp311-cp311-manylinux_2_17_x86_64.manylinux2014_x86_64.whl (456 kB)
2026-07-21T13:22:57.646Z,Vritti,Downloading watchfiles-1.2.0-cp311-cp311-manylinux_2_17_x86_64.manylinux2014_x86_64.whl (456 kB)
2026-07-21T13:22:57.668Z,Vritti,━━━━━━━━━━━━━━━━━━━━━━━━━━━━━━━━━━━━━━━━ 456.9/456.9 kB 25.9 MB/s eta 0:00:00
2026-07-21T13:22:57.668Z,Vritti,
2026-07-21T13:22:57.668Z,Vritti,━━━━━━━━━━━━━━━━━━━━━━━━━━━━━━━━━━━━━━━━ 456.9/456.9 kB 25.9 MB/s eta 0:00:00
2026-07-21T13:22:57.668Z,Vritti,
2026-07-21T13:22:57.686Z,Vritti,Downloading websockets-16.1.1-cp311-cp311-manylinux1_x86_64.manylinux_2_28_x86_64.manylinux_2_5_x86_64.whl (186 kB)
2026-07-21T13:22:57.686Z,Vritti,Downloading websockets-16.1.1-cp311-cp311-manylinux1_x86_64.manylinux_2_28_x86_64.manylinux_2_5_x86_64.whl (186 kB)
2026-07-21T13:22:57.696Z,Vritti,━━━━━━━━━━━━━━━━━━━━━━━━━━━━━━━━━━━━━━━━ 186.9/186.9 kB 24.7 MB/s eta 0:00:00
2026-07-21T13:22:57.696Z,Vritti,
2026-07-21T13:22:57.696Z,Vritti,━━━━━━━━━━━━━━━━━━━━━━━━━━━━━━━━━━━━━━━━ 186.9/186.9 kB 24.7 MB/s eta 0:00:00
2026-07-21T13:22:57.696Z,Vritti,
2026-07-21T13:22:57.708Z,Vritti,Downloading yarl-1.24.5-cp311-cp311-manylinux2014_x86_64.manylinux_2_17_x86_64.manylinux_2_28_x86_64.whl (111 kB)
2026-07-21T13:22:57.708Z,Vritti,Downloading yarl-1.24.5-cp311-cp311-manylinux2014_x86_64.manylinux_2_17_x86_64.manylinux_2_28_x86_64.whl (111 kB)
2026-07-21T13:22:57.721Z,Vritti,━━━━━━━━━━━━━━━━━━━━━━━━━━━━━━━━━━━━━━━━ 111.9/111.9 kB 24.6 MB/s eta 0:00:00
2026-07-21T13:22:57.721Z,Vritti,━━━━━━━━━━━━━━━━━━━━━━━━━━━━━━━━━━━━━━━━ 111.9/111.9 kB 24.6 MB/s eta 0:00:00
2026-07-21T13:22:57.722Z,Vritti,
2026-07-21T13:22:57.722Z,Vritti,
2026-07-21T13:22:57.735Z,Vritti,Downloading filelock-3.32.0-py3-none-any.whl (97 kB)
2026-07-21T13:22:57.735Z,Vritti,Downloading filelock-3.32.0-py3-none-any.whl (97 kB)
2026-07-21T13:22:57.747Z,Vritti,━━━━━━━━━━━━━━━━━━━━━━━━━━━━━━━━━━━━━━━━ 97.7/97.7 kB 18.3 MB/s eta 0:00:00
2026-07-21T13:22:57.747Z,Vritti,━━━━━━━━━━━━━━━━━━━━━━━━━━━━━━━━━━━━━━━━ 97.7/97.7 kB 18.3 MB/s eta 0:00:00
2026-07-21T13:22:57.761Z,Vritti,Downloading iniconfig-2.3.0-py3-none-any.whl (7.5 kB)
2026-07-21T13:22:57.761Z,Vritti,Downloading iniconfig-2.3.0-py3-none-any.whl (7.5 kB)
2026-07-21T13:22:57.777Z,Vritti,Downloading networkx-3.6.1-py3-none-any.whl (2.1 MB)
2026-07-21T13:22:57.777Z,Vritti,Downloading networkx-3.6.1-py3-none-any.whl (2.1 MB)
2026-07-21T13:22:57.892Z,Vritti,━━━━━━━━━━━━━━━━━━━━━━━━━━━━━━━━━━━━━━━━ 2.1/2.1 MB 18.7 MB/s eta 0:00:00
2026-07-21T13:22:57.892Z,Vritti,
2026-07-21T13:22:57.892Z,Vritti,━━━━━━━━━━━━━━━━━━━━━━━━━━━━━━━━━━━━━━━━ 2.1/2.1 MB 18.7 MB/s eta 0:00:00
2026-07-21T13:22:57.892Z,Vritti,
2026-07-21T13:22:57.906Z,Vritti,Downloading sniffio-1.3.1-py3-none-any.whl (10 kB)
2026-07-21T13:22:57.906Z,Vritti,Downloading sniffio-1.3.1-py3-none-any.whl (10 kB)
2026-07-21T13:22:57.920Z,Vritti,Downloading argon2_cffi-25.1.0-py3-none-any.whl (14 kB)
2026-07-21T13:22:57.920Z,Vritti,Downloading argon2_cffi-25.1.0-py3-none-any.whl (14 kB)
2026-07-21T13:22:57.936Z,Vritti,Downloading babel-2.18.0-py3-none-any.whl (10.2 MB)
2026-07-21T13:22:57.936Z,Vritti,Downloading babel-2.18.0-py3-none-any.whl (10.2 MB)
2026-07-21T13:22:58.802Z,Vritti,━━━━━━━━━━━━━━━━━━━━━━━━━━━━━━━━━━━━━━━━ 10.2/10.2 MB 11.8 MB/s eta 0:00:00
2026-07-21T13:22:58.802Z,Vritti,━━━━━━━━━━━━━━━━━━━━━━━━━━━━━━━━━━━━━━━━ 10.2/10.2 MB 11.8 MB/s eta 0:00:00
2026-07-21T13:22:58.804Z,Vritti,
2026-07-21T13:22:58.804Z,Vritti,
2026-07-21T13:22:58.819Z,Vritti,Downloading charset_normalizer-3.4.9-cp311-cp311-manylinux2014_x86_64.manylinux_2_17_x86_64.manylinux_2_28_x86_64.whl (221 kB)
2026-07-21T13:22:58.819Z,Vritti,Downloading charset_normalizer-3.4.9-cp311-cp311-manylinux2014_x86_64.manylinux_2_17_x86_64.manylinux_2_28_x86_64.whl (221 kB)
2026-07-21T13:22:58.845Z,Vritti,━━━━━━━━━━━━━━━━━━━━━━━━━━━━━━━━━━━━━━━━ 221.3/221.3 kB 9.3 MB/s eta 0:00:00
2026-07-21T13:22:58.845Z,Vritti,━━━━━━━━━━━━━━━━━━━━━━━━━━━━━━━━━━━━━━━━ 221.3/221.3 kB 9.3 MB/s eta 0:00:00
2026-07-21T13:22:58.846Z,Vritti,
2026-07-21T13:22:58.846Z,Vritti,
2026-07-21T13:22:58.859Z,Vritti,Downloading comm-0.2.3-py3-none-any.whl (7.3 kB)
2026-07-21T13:22:58.859Z,Vritti,Downloading comm-0.2.3-py3-none-any.whl (7.3 kB)
2026-07-21T13:22:58.873Z,Vritti,Downloading debugpy-1.8.21-cp311-cp311-manylinux_2_34_x86_64.whl (3.1 MB)
2026-07-21T13:22:58.873Z,Vritti,Downloading debugpy-1.8.21-cp311-cp311-manylinux_2_34_x86_64.whl (3.1 MB)
2026-07-21T13:22:59.220Z,Vritti,━━━━━━━━━━━━━━━━━━━━━━━━━━━━━━━━━━━━━━━━ 3.1/3.1 MB 8.9 MB/s eta 0:00:00
2026-07-21T13:22:59.220Z,Vritti,
2026-07-21T13:22:59.220Z,Vritti,━━━━━━━━━━━━━━━━━━━━━━━━━━━━━━━━━━━━━━━━ 3.1/3.1 MB 8.9 MB/s eta 0:00:00
2026-07-21T13:22:59.220Z,Vritti,
2026-07-21T13:22:59.236Z,Vritti,Downloading dnspython-2.8.0-py3-none-any.whl (331 kB)
2026-07-21T13:22:59.236Z,Vritti,Downloading dnspython-2.8.0-py3-none-any.whl (331 kB)
2026-07-21T13:22:59.264Z,Vritti,━━━━━━━━━━━━━━━━━━━━━━━━━━━━━━━━━━━━━━━━ 331.1/331.1 kB 13.7 MB/s eta 0:00:00
2026-07-21T13:22:59.264Z,Vritti,━━━━━━━━━━━━━━━━━━━━━━━━━━━━━━━━━━━━━━━━ 331.1/331.1 kB 13.7 MB/s eta 0:00:00
2026-07-21T13:22:59.265Z,Vritti,
2026-07-21T13:22:59.265Z,Vritti,
2026-07-21T13:22:59.279Z,Vritti,Downloading gitdb-4.0.12-py3-none-any.whl (62 kB)
2026-07-21T13:22:59.279Z,Vritti,Downloading gitdb-4.0.12-py3-none-any.whl (62 kB)
2026-07-21T13:22:59.289Z,Vritti,━━━━━━━━━━━━━━━━━━━━━━━━━━━━━━━━━━━━━━━━ 62.8/62.8 kB 7.6 MB/s eta 0:00:00
2026-07-21T13:22:59.289Z,Vritti,━━━━━━━━━━━━━━━━━━━━━━━━━━━━━━━━━━━━━━━━ 62.8/62.8 kB 7.6 MB/s eta 0:00:00
2026-07-21T13:22:59.290Z,Vritti,
2026-07-21T13:22:59.290Z,Vritti,
2026-07-21T13:22:59.304Z,Vritti,Downloading hf_xet-1.5.2-cp38-abi3-manylinux2014_x86_64.manylinux_2_17_x86_64.whl (4.4 MB)
2026-07-21T13:22:59.304Z,Vritti,Downloading hf_xet-1.5.2-cp38-abi3-manylinux2014_x86_64.manylinux_2_17_x86_64.whl (4.4 MB)
2026-07-21T13:22:59.656Z,Vritti,━━━━━━━━━━━━━━━━━━━━━━━━━━━━━━━━━━━━━━━━ 4.4/4.4 MB 12.7 MB/s eta 0:00:00
2026-07-21T13:22:59.656Z,Vritti,━━━━━━━━━━━━━━━━━━━━━━━━━━━━━━━━━━━━━━━━ 4.4/4.4 MB 12.7 MB/s eta 0:00:00
2026-07-21T13:22:59.668Z,Vritti,Downloading ipython-9.15.0-py3-none-any.whl (630 kB)
2026-07-21T13:22:59.668Z,Vritti,Downloading ipython-9.15.0-py3-none-any.whl (630 kB)
2026-07-21T13:22:59.719Z,Vritti,━━━━━━━━━━━━━━━━━━━━━━━━━━━━━━━━━━━━━━━━ 630.9/630.9 kB 13.2 MB/s eta 0:00:00
2026-07-21T13:22:59.719Z,Vritti,
2026-07-21T13:22:59.719Z,Vritti,━━━━━━━━━━━━━━━━━━━━━━━━━━━━━━━━━━━━━━━━ 630.9/630.9 kB 13.2 MB/s eta 0:00:00
2026-07-21T13:22:59.719Z,Vritti,
2026-07-21T13:22:59.731Z,Vritti,Downloading json5-0.15.0-py3-none-any.whl (36 kB)
2026-07-21T13:22:59.731Z,Vritti,Downloading json5-0.15.0-py3-none-any.whl (36 kB)
2026-07-21T13:22:59.747Z,Vritti,Downloading jsonschema-4.26.0-py3-none-any.whl (90 kB)
2026-07-21T13:22:59.747Z,Vritti,Downloading jsonschema-4.26.0-py3-none-any.whl (90 kB)
2026-07-21T13:22:59.756Z,Vritti,━━━━━━━━━━━━━━━━━━━━━━━━━━━━━━━━━━━━━━━━ 90.6/90.6 kB 12.8 MB/s eta 0:00:00
2026-07-21T13:22:59.756Z,Vritti,━━━━━━━━━━━━━━━━━━━━━━━━━━━━━━━━━━━━━━━━ 90.6/90.6 kB 12.8 MB/s eta 0:00:00
2026-07-21T13:22:59.757Z,Vritti,
2026-07-21T13:22:59.757Z,Vritti,
2026-07-21T13:22:59.770Z,Vritti,Downloading jupyter_client-8.9.1-py3-none-any.whl (109 kB)
2026-07-21T13:22:59.770Z,Vritti,Downloading jupyter_client-8.9.1-py3-none-any.whl (109 kB)
2026-07-21T13:22:59.778Z,Vritti,━━━━━━━━━━━━━━━━━━━━━━━━━━━━━━━━━━━━━━━━ 109.8/109.8 kB 21.1 MB/s eta 0:00:00
2026-07-21T13:22:59.778Z,Vritti,━━━━━━━━━━━━━━━━━━━━━━━━━━━━━━━━━━━━━━━━ 109.8/109.8 kB 21.1 MB/s eta 0:00:00
2026-07-21T13:22:59.779Z,Vritti,
2026-07-21T13:22:59.779Z,Vritti,
2026-07-21T13:22:59.793Z,Vritti,Downloading jupyter_events-0.12.1-py3-none-any.whl (19 kB)
2026-07-21T13:22:59.793Z,Vritti,Downloading jupyter_events-0.12.1-py3-none-any.whl (19 kB)
2026-07-21T13:22:59.806Z,Vritti,Downloading jupyter_server_terminals-0.5.4-py3-none-any.whl (13 kB)
2026-07-21T13:22:59.806Z,Vritti,Downloading jupyter_server_terminals-0.5.4-py3-none-any.whl (13 kB)
2026-07-21T13:22:59.820Z,Vritti,Downloading markdown_it_py-4.2.0-py3-none-any.whl (91 kB)
2026-07-21T13:22:59.820Z,Vritti,Downloading markdown_it_py-4.2.0-py3-none-any.whl (91 kB)
2026-07-21T13:22:59.842Z,Vritti,━━━━━━━━━━━━━━━━━━━━━━━━━━━━━━━━━━━━━━━━ 91.7/91.7 kB 4.5 MB/s eta 0:00:00
2026-07-21T13:22:59.842Z,Vritti,━━━━━━━━━━━━━━━━━━━━━━━━━━━━━━━━━━━━━━━━ 91.7/91.7 kB 4.5 MB/s eta 0:00:00
2026-07-21T13:22:59.843Z,Vritti,
2026-07-21T13:22:59.843Z,Vritti,
2026-07-21T13:22:59.856Z,Vritti,Downloading markupsafe-3.0.3-cp311-cp311-manylinux2014_x86_64.manylinux_2_17_x86_64.manylinux_2_28_x86_64.whl (22 kB)
2026-07-21T13:22:59.856Z,Vritti,Downloading markupsafe-3.0.3-cp311-cp311-manylinux2014_x86_64.manylinux_2_17_x86_64.manylinux_2_28_x86_64.whl (22 kB)
2026-07-21T13:22:59.870Z,Vritti,Downloading matplotlib_inline-0.2.2-py3-none-any.whl (9.5 kB)
2026-07-21T13:22:59.870Z,Vritti,Downloading matplotlib_inline-0.2.2-py3-none-any.whl (9.5 kB)
2026-07-21T13:22:59.883Z,Vritti,Downloading mpmath-1.3.0-py3-none-any.whl (536 kB)
2026-07-21T13:22:59.883Z,Vritti,Downloading mpmath-1.3.0-py3-none-any.whl (536 kB)
2026-07-21T13:22:59.933Z,Vritti,━━━━━━━━━━━━━━━━━━━━━━━━━━━━━━━━━━━━━━━━ 536.2/536.2 kB 11.6 MB/s eta 0:00:00
2026-07-21T13:22:59.933Z,Vritti,━━━━━━━━━━━━━━━━━━━━━━━━━━━━━━━━━━━━━━━━ 536.2/536.2 kB 11.6 MB/s eta 0:00:00
2026-07-21T13:22:59.934Z,Vritti,
2026-07-21T13:22:59.934Z,Vritti,
2026-07-21T13:22:59.946Z,Vritti,Downloading narwhals-2.24.0-py3-none-any.whl (461 kB)
2026-07-21T13:22:59.946Z,Vritti,Downloading narwhals-2.24.0-py3-none-any.whl (461 kB)
2026-07-21T13:22:59.982Z,Vritti,━━━━━━━━━━━━━━━━━━━━━━━━━━━━━━━━━━━━━━━━ 461.0/461.0 kB 16.6 MB/s eta 0:00:00
2026-07-21T13:22:59.982Z,Vritti,━━━━━━━━━━━━━━━━━━━━━━━━━━━━━━━━━━━━━━━━ 461.0/461.0 kB 16.6 MB/s eta 0:00:00
2026-07-21T13:22:59.983Z,Vritti,
2026-07-21T13:22:59.983Z,Vritti,
2026-07-21T13:22:59.994Z,Vritti,Downloading nbconvert-7.17.1-py3-none-any.whl (261 kB)
2026-07-21T13:22:59.994Z,Vritti,Downloading nbconvert-7.17.1-py3-none-any.whl (261 kB)
2026-07-21T13:23:00.013Z,Vritti,━━━━━━━━━━━━━━━━━━━━━━━━━━━━━━━━━━━━━━━━ 261.9/261.9 kB 15.6 MB/s eta 0:00:00
2026-07-21T13:23:00.013Z,Vritti,━━━━━━━━━━━━━━━━━━━━━━━━━━━━━━━━━━━━━━━━ 261.9/261.9 kB 15.6 MB/s eta 0:00:00
2026-07-21T13:23:00.033Z,Vritti,Downloading nbformat-5.10.4-py3-none-any.whl (78 kB)
2026-07-21T13:23:00.033Z,Vritti,Downloading nbformat-5.10.4-py3-none-any.whl (78 kB)
2026-07-21T13:23:00.050Z,Vritti,━━━━━━━━━━━━━━━━━━━━━━━━━━━━━━━━━━━━━━━━ 78.5/78.5 kB 13.0 MB/s eta 0:00:00
2026-07-21T13:23:00.050Z,Vritti,━━━━━━━━━━━━━━━━━━━━━━━━━━━━━━━━━━━━━━━━ 78.5/78.5 kB 13.0 MB/s eta 0:00:00
2026-07-21T13:23:00.051Z,Vritti,
2026-07-21T13:23:00.051Z,Vritti,
2026-07-21T13:23:00.066Z,Vritti,Downloading nest_asyncio2-1.7.2-py3-none-any.whl (7.8 kB)
2026-07-21T13:23:00.066Z,Vritti,Downloading nest_asyncio2-1.7.2-py3-none-any.whl (7.8 kB)
2026-07-21T13:23:00.082Z,Vritti,Downloading overrides-7.7.0-py3-none-any.whl (17 kB)
2026-07-21T13:23:00.082Z,Vritti,Downloading overrides-7.7.0-py3-none-any.whl (17 kB)
2026-07-21T13:23:00.094Z,Vritti,Downloading prometheus_client-0.25.0-py3-none-any.whl (64 kB)
2026-07-21T13:23:00.094Z,Vritti,Downloading prometheus_client-0.25.0-py3-none-any.whl (64 kB)
2026-07-21T13:23:00.104Z,Vritti,━━━━━━━━━━━━━━━━━━━━━━━━━━━━━━━━━━━━━━━━ 64.2/64.2 kB 14.4 MB/s eta 0:00:00
2026-07-21T13:23:00.104Z,Vritti,━━━━━━━━━━━━━━━━━━━━━━━━━━━━━━━━━━━━━━━━ 64.2/64.2 kB 14.4 MB/s eta 0:00:00
2026-07-21T13:23:00.119Z,Vritti,Downloading propcache-0.5.2-cp311-cp311-manylinux2014_x86_64.manylinux_2_17_x86_64.manylinux_2_28_x86_64.whl (58 kB)
2026-07-21T13:23:00.119Z,Vritti,Downloading propcache-0.5.2-cp311-cp311-manylinux2014_x86_64.manylinux_2_17_x86_64.manylinux_2_28_x86_64.whl (58 kB)
2026-07-21T13:23:00.128Z,Vritti,━━━━━━━━━━━━━━━━━━━━━━━━━━━━━━━━━━━━━━━━ 58.9/58.9 kB 12.9 MB/s eta 0:00:00
2026-07-21T13:23:00.128Z,Vritti,━━━━━━━━━━━━━━━━━━━━━━━━━━━━━━━━━━━━━━━━ 58.9/58.9 kB 12.9 MB/s eta 0:00:00
2026-07-21T13:23:00.129Z,Vritti,
2026-07-21T13:23:00.129Z,Vritti,
2026-07-21T13:23:00.144Z,Vritti,Downloading psutil-7.2.2-cp36-abi3-manylinux2010_x86_64.manylinux_2_12_x86_64.manylinux_2_28_x86_64.whl (155 kB)
2026-07-21T13:23:00.144Z,Vritti,Downloading psutil-7.2.2-cp36-abi3-manylinux2010_x86_64.manylinux_2_12_x86_64.manylinux_2_28_x86_64.whl (155 kB)
2026-07-21T13:23:00.162Z,Vritti,━━━━━━━━━━━━━━━━━━━━━━━━━━━━━━━━━━━━━━━━ 155.6/155.6 kB 19.5 MB/s eta 0:00:00
2026-07-21T13:23:00.162Z,Vritti,━━━━━━━━━━━━━━━━━━━━━━━━━━━━━━━━━━━━━━━━ 155.6/155.6 kB 19.5 MB/s eta 0:00:00
2026-07-21T13:23:00.163Z,Vritti,
2026-07-21T13:23:00.163Z,Vritti,
2026-07-21T13:23:00.175Z,Vritti,Downloading pygments-2.20.0-py3-none-any.whl (1.2 MB)
2026-07-21T13:23:00.175Z,Vritti,Downloading pygments-2.20.0-py3-none-any.whl (1.2 MB)
2026-07-21T13:23:00.270Z,Vritti,━━━━━━━━━━━━━━━━━━━━━━━━━━━━━━━━━━━━━━━━ 1.2/1.2 MB 13.3 MB/s eta 0:00:00
2026-07-21T13:23:00.270Z,Vritti,━━━━━━━━━━━━━━━━━━━━━━━━━━━━━━━━━━━━━━━━ 1.2/1.2 MB 13.3 MB/s eta 0:00:00
2026-07-21T13:23:00.272Z,Vritti,
2026-07-21T13:23:00.272Z,Vritti,
2026-07-21T13:23:00.283Z,Vritti,Downloading pyzmq-27.1.0-cp311-cp311-manylinux_2_26_x86_64.manylinux_2_28_x86_64.whl (857 kB)
2026-07-21T13:23:00.283Z,Vritti,Downloading pyzmq-27.1.0-cp311-cp311-manylinux_2_26_x86_64.manylinux_2_28_x86_64.whl (857 kB)
2026-07-21T13:23:00.355Z,Vritti,━━━━━━━━━━━━━━━━━━━━━━━━━━━━━━━━━━━━━━━━ 857.0/857.0 kB 12.3 MB/s eta 0:00:00
2026-07-21T13:23:00.355Z,Vritti,━━━━━━━━━━━━━━━━━━━━━━━━━━━━━━━━━━━━━━━━ 857.0/857.0 kB 12.3 MB/s eta 0:00:00
2026-07-21T13:23:00.356Z,Vritti,
2026-07-21T13:23:00.356Z,Vritti,
2026-07-21T13:23:00.369Z,Vritti,Downloading rich_toolkit-0.20.3-py3-none-any.whl (36 kB)
2026-07-21T13:23:00.369Z,Vritti,Downloading rich_toolkit-0.20.3-py3-none-any.whl (36 kB)
2026-07-21T13:23:00.385Z,Vritti,Downloading send2trash-2.1.0-py3-none-any.whl (17 kB)
2026-07-21T13:23:00.385Z,Vritti,Downloading send2trash-2.1.0-py3-none-any.whl (17 kB)
2026-07-21T13:23:00.400Z,Vritti,Downloading six-1.17.0-py2.py3-none-any.whl (11 kB)
2026-07-21T13:23:00.400Z,Vritti,Downloading six-1.17.0-py2.py3-none-any.whl (11 kB)
2026-07-21T13:23:00.415Z,Vritti,Downloading terminado-0.18.1-py3-none-any.whl (14 kB)
2026-07-21T13:23:00.415Z,Vritti,Downloading terminado-0.18.1-py3-none-any.whl (14 kB)
2026-07-21T13:23:00.440Z,Vritti,Downloading typer-0.27.0-py3-none-any.whl (122 kB)
2026-07-21T13:23:00.440Z,Vritti,Downloading typer-0.27.0-py3-none-any.whl (122 kB)
2026-07-21T13:23:00.449Z,Vritti,━━━━━━━━━━━━━━━━━━━━━━━━━━━━━━━━━━━━━━━━ 122.7/122.7 kB 24.4 MB/s eta 0:00:00
2026-07-21T13:23:00.449Z,Vritti,━━━━━━━━━━━━━━━━━━━━━━━━━━━━━━━━━━━━━━━━ 122.7/122.7 kB 24.4 MB/s eta 0:00:00
2026-07-21T13:23:00.451Z,Vritti,
2026-07-21T13:23:00.451Z,Vritti,
2026-07-21T13:23:00.462Z,Vritti,Downloading websocket_client-1.9.0-py3-none-any.whl (82 kB)
2026-07-21T13:23:00.462Z,Vritti,Downloading websocket_client-1.9.0-py3-none-any.whl (82 kB)
2026-07-21T13:23:00.470Z,Vritti,━━━━━━━━━━━━━━━━━━━━━━━━━━━━━━━━━━━━━━━━ 82.6/82.6 kB 21.2 MB/s eta 0:00:00
2026-07-21T13:23:00.470Z,Vritti,━━━━━━━━━━━━━━━━━━━━━━━━━━━━━━━━━━━━━━━━ 82.6/82.6 kB 21.2 MB/s eta 0:00:00
2026-07-21T13:23:00.471Z,Vritti,
2026-07-21T13:23:00.471Z,Vritti,
2026-07-21T13:23:00.482Z,Vritti,Downloading defusedxml-0.7.1-py2.py3-none-any.whl (25 kB)
2026-07-21T13:23:00.482Z,Vritti,Downloading defusedxml-0.7.1-py2.py3-none-any.whl (25 kB)
2026-07-21T13:23:00.497Z,Vritti,Downloading annotated_doc-0.0.4-py3-none-any.whl (5.3 kB)
2026-07-21T13:23:00.497Z,Vritti,Downloading annotated_doc-0.0.4-py3-none-any.whl (5.3 kB)
2026-07-21T13:23:00.510Z,Vritti,Downloading bleach-6.4.0-py3-none-any.whl (165 kB)
2026-07-21T13:23:00.510Z,Vritti,Downloading bleach-6.4.0-py3-none-any.whl (165 kB)
2026-07-21T13:23:00.545Z,Vritti,━━━━━━━━━━━━━━━━━━━━━━━━━━━━━━━━━━━━━━━━ 165.1/165.1 kB 5.0 MB/s eta 0:00:00
2026-07-21T13:23:00.545Z,Vritti,━━━━━━━━━━━━━━━━━━━━━━━━━━━━━━━━━━━━━━━━ 165.1/165.1 kB 5.0 MB/s eta 0:00:00
2026-07-21T13:23:00.546Z,Vritti,
2026-07-21T13:23:00.546Z,Vritti,
2026-07-21T13:23:00.560Z,Vritti,Downloading decorator-5.3.1-py3-none-any.whl (10 kB)
2026-07-21T13:23:00.560Z,Vritti,Downloading decorator-5.3.1-py3-none-any.whl (10 kB)
2026-07-21T13:23:00.574Z,Vritti,Downloading fastjsonschema-2.21.2-py3-none-any.whl (24 kB)
2026-07-21T13:23:00.574Z,Vritti,Downloading fastjsonschema-2.21.2-py3-none-any.whl (24 kB)
2026-07-21T13:23:00.587Z,Vritti,Downloading ipython_pygments_lexers-1.1.1-py3-none-any.whl (8.1 kB)
2026-07-21T13:23:00.587Z,Vritti,Downloading ipython_pygments_lexers-1.1.1-py3-none-any.whl (8.1 kB)
2026-07-21T13:23:00.599Z,Vritti,Downloading jedi-0.20.0-py2.py3-none-any.whl (4.9 MB)
2026-07-21T13:23:00.599Z,Vritti,Downloading jedi-0.20.0-py2.py3-none-any.whl (4.9 MB)
2026-07-21T13:23:00.930Z,Vritti,━━━━━━━━━━━━━━━━━━━━━━━━━━━━━━━━━━━━━━━━ 4.9/4.9 MB 14.9 MB/s eta 0:00:00
2026-07-21T13:23:00.930Z,Vritti,
2026-07-21T13:23:00.930Z,Vritti,━━━━━━━━━━━━━━━━━━━━━━━━━━━━━━━━━━━━━━━━ 4.9/4.9 MB 14.9 MB/s eta 0:00:00
2026-07-21T13:23:00.930Z,Vritti,
2026-07-21T13:23:00.944Z,Vritti,Downloading jsonschema_specifications-2025.9.1-py3-none-any.whl (18 kB)
2026-07-21T13:23:00.944Z,Vritti,Downloading jsonschema_specifications-2025.9.1-py3-none-any.whl (18 kB)
2026-07-21T13:23:00.960Z,Vritti,Downloading mdurl-0.1.2-py3-none-any.whl (10.0 kB)
2026-07-21T13:23:00.960Z,Vritti,Downloading mdurl-0.1.2-py3-none-any.whl (10.0 kB)
2026-07-21T13:23:00.976Z,Vritti,Downloading mistune-3.3.3-py3-none-any.whl (63 kB)
2026-07-21T13:23:00.976Z,Vritti,Downloading mistune-3.3.3-py3-none-any.whl (63 kB)
2026-07-21T13:23:00.984Z,Vritti,━━━━━━━━━━━━━━━━━━━━━━━━━━━━━━━━━━━━━━━━ 63.6/63.6 kB 13.1 MB/s eta 0:00:00
2026-07-21T13:23:00.984Z,Vritti,━━━━━━━━━━━━━━━━━━━━━━━━━━━━━━━━━━━━━━━━ 63.6/63.6 kB 13.1 MB/s eta 0:00:00
2026-07-21T13:23:00.985Z,Vritti,
2026-07-21T13:23:00.985Z,Vritti,
2026-07-21T13:23:00.999Z,Vritti,Downloading nbclient-0.11.0-py3-none-any.whl (25 kB)
2026-07-21T13:23:00.999Z,Vritti,Downloading nbclient-0.11.0-py3-none-any.whl (25 kB)
2026-07-21T13:23:01.014Z,Vritti,Downloading pandocfilters-1.5.1-py2.py3-none-any.whl (8.7 kB)
2026-07-21T13:23:01.014Z,Vritti,Downloading pandocfilters-1.5.1-py2.py3-none-any.whl (8.7 kB)
2026-07-21T13:23:01.028Z,Vritti,Downloading pexpect-4.9.0-py2.py3-none-any.whl (63 kB)
2026-07-21T13:23:01.028Z,Vritti,Downloading pexpect-4.9.0-py2.py3-none-any.whl (63 kB)
2026-07-21T13:23:01.033Z,Vritti,━━━━━━━━━━━━━━━━━━━━━━━━━━━━━━━━━━━━━━━━ 63.8/63.8 kB 26.5 MB/s eta 0:00:00
2026-07-21T13:23:01.033Z,Vritti,━━━━━━━━━━━━━━━━━━━━━━━━━━━━━━━━━━━━━━━━ 63.8/63.8 kB 26.5 MB/s eta 0:00:00
2026-07-21T13:23:01.034Z,Vritti,
2026-07-21T13:23:01.034Z,Vritti,
2026-07-21T13:23:01.048Z,Vritti,Downloading prompt_toolkit-3.0.52-py3-none-any.whl (391 kB)
2026-07-21T13:23:01.048Z,Vritti,Downloading prompt_toolkit-3.0.52-py3-none-any.whl (391 kB)
2026-07-21T13:23:01.083Z,Vritti,━━━━━━━━━━━━━━━━━━━━━━━━━━━━━━━━━━━━━━━━ 391.4/391.4 kB 12.5 MB/s eta 0:00:00
2026-07-21T13:23:01.083Z,Vritti,━━━━━━━━━━━━━━━━━━━━━━━━━━━━━━━━━━━━━━━━ 391.4/391.4 kB 12.5 MB/s eta 0:00:00
2026-07-21T13:23:01.085Z,Vritti,
2026-07-21T13:23:01.085Z,Vritti,
2026-07-21T13:23:01.098Z,Vritti,Downloading ptyprocess-0.7.0-py2.py3-none-any.whl (13 kB)
2026-07-21T13:23:01.098Z,Vritti,Downloading ptyprocess-0.7.0-py2.py3-none-any.whl (13 kB)
2026-07-21T13:23:01.113Z,Vritti,Downloading python_json_logger-4.1.0-py3-none-any.whl (15 kB)
2026-07-21T13:23:01.113Z,Vritti,Downloading python_json_logger-4.1.0-py3-none-any.whl (15 kB)
2026-07-21T13:23:01.127Z,Vritti,Downloading referencing-0.37.0-py3-none-any.whl (26 kB)
2026-07-21T13:23:01.127Z,Vritti,Downloading referencing-0.37.0-py3-none-any.whl (26 kB)
2026-07-21T13:23:01.142Z,Vritti,Downloading rfc3986_validator-0.1.1-py2.py3-none-any.whl (4.2 kB)
2026-07-21T13:23:01.142Z,Vritti,Downloading rfc3986_validator-0.1.1-py2.py3-none-any.whl (4.2 kB)
2026-07-21T13:23:01.155Z,Vritti,Downloading rpds_py-2026.6.3-cp311-cp311-manylinux_2_17_x86_64.manylinux2014_x86_64.whl (371 kB)
2026-07-21T13:23:01.155Z,Vritti,Downloading rpds_py-2026.6.3-cp311-cp311-manylinux_2_17_x86_64.manylinux2014_x86_64.whl (371 kB)
2026-07-21T13:23:01.182Z,Vritti,━━━━━━━━━━━━━━━━━━━━━━━━━━━━━━━━━━━━━━━━ 371.3/371.3 kB 16.5 MB/s eta 0:00:00
2026-07-21T13:23:01.182Z,Vritti,━━━━━━━━━━━━━━━━━━━━━━━━━━━━━━━━━━━━━━━━ 371.3/371.3 kB 16.5 MB/s eta 0:00:00
2026-07-21T13:23:01.183Z,Vritti,
2026-07-21T13:23:01.183Z,Vritti,
2026-07-21T13:23:01.197Z,Vritti,Downloading shellingham-1.5.4-py2.py3-none-any.whl (9.8 kB)
2026-07-21T13:23:01.197Z,Vritti,Downloading shellingham-1.5.4-py2.py3-none-any.whl (9.8 kB)
2026-07-21T13:23:01.209Z,Vritti,Downloading smmap-5.0.3-py3-none-any.whl (24 kB)
2026-07-21T13:23:01.209Z,Vritti,Downloading smmap-5.0.3-py3-none-any.whl (24 kB)
2026-07-21T13:23:01.221Z,Vritti,Downloading stack_data-0.6.3-py3-none-any.whl (24 kB)
2026-07-21T13:23:01.221Z,Vritti,Downloading stack_data-0.6.3-py3-none-any.whl (24 kB)
2026-07-21T13:23:01.238Z,Vritti,Downloading argon2_cffi_bindings-25.1.0-cp39-abi3-manylinux_2_26_x86_64.manylinux_2_28_x86_64.whl (87 kB)
2026-07-21T13:23:01.238Z,Vritti,Downloading argon2_cffi_bindings-25.1.0-cp39-abi3-manylinux_2_26_x86_64.manylinux_2_28_x86_64.whl (87 kB)
2026-07-21T13:23:01.246Z,Vritti,━━━━━━━━━━━━━━━━━━━━━━━━━━━━━━━━━━━━━━━━ 87.1/87.1 kB 16.5 MB/s eta 0:00:00
2026-07-21T13:23:01.246Z,Vritti,━━━━━━━━━━━━━━━━━━━━━━━━━━━━━━━━━━━━━━━━ 87.1/87.1 kB 16.5 MB/s eta 0:00:00
2026-07-21T13:23:01.247Z,Vritti,
2026-07-21T13:23:01.247Z,Vritti,
2026-07-21T13:23:01.262Z,Vritti,Downloading beautifulsoup4-4.15.0-py3-none-any.whl (109 kB)
2026-07-21T13:23:01.262Z,Vritti,Downloading beautifulsoup4-4.15.0-py3-none-any.whl (109 kB)
2026-07-21T13:23:01.278Z,Vritti,━━━━━━━━━━━━━━━━━━━━━━━━━━━━━━━━━━━━━━━━ 109.9/109.9 kB 8.9 MB/s eta 0:00:00
2026-07-21T13:23:01.278Z,Vritti,
2026-07-21T13:23:01.278Z,Vritti,━━━━━━━━━━━━━━━━━━━━━━━━━━━━━━━━━━━━━━━━ 109.9/109.9 kB 8.9 MB/s eta 0:00:00
2026-07-21T13:23:01.278Z,Vritti,
2026-07-21T13:23:01.291Z,Vritti,Downloading jupyterlab_pygments-0.3.0-py3-none-any.whl (15 kB)
2026-07-21T13:23:01.291Z,Vritti,Downloading jupyterlab_pygments-0.3.0-py3-none-any.whl (15 kB)
2026-07-21T13:23:01.305Z,Vritti,Downloading rfc3339_validator-0.1.4-py2.py3-none-any.whl (3.5 kB)
2026-07-21T13:23:01.305Z,Vritti,Downloading rfc3339_validator-0.1.4-py2.py3-none-any.whl (3.5 kB)
2026-07-21T13:23:01.320Z,Vritti,Downloading asttokens-3.0.2-py3-none-any.whl (28 kB)
2026-07-21T13:23:01.320Z,Vritti,Downloading asttokens-3.0.2-py3-none-any.whl (28 kB)
2026-07-21T13:23:01.338Z,Vritti,Downloading cffi-2.1.0-cp311-cp311-manylinux2014_x86_64.manylinux_2_17_x86_64.whl (217 kB)
2026-07-21T13:23:01.338Z,Vritti,Downloading cffi-2.1.0-cp311-cp311-manylinux2014_x86_64.manylinux_2_17_x86_64.whl (217 kB)
2026-07-21T13:23:01.354Z,Vritti,━━━━━━━━━━━━━━━━━━━━━━━━━━━━━━━━━━━━━━━━ 217.9/217.9 kB 19.4 MB/s eta 0:00:00
2026-07-21T13:23:01.354Z,Vritti,
2026-07-21T13:23:01.354Z,Vritti,━━━━━━━━━━━━━━━━━━━━━━━━━━━━━━━━━━━━━━━━ 217.9/217.9 kB 19.4 MB/s eta 0:00:00
2026-07-21T13:23:01.354Z,Vritti,
2026-07-21T13:23:01.368Z,Vritti,Downloading executing-2.2.1-py2.py3-none-any.whl (28 kB)
2026-07-21T13:23:01.368Z,Vritti,Downloading executing-2.2.1-py2.py3-none-any.whl (28 kB)
2026-07-21T13:23:01.385Z,Vritti,Downloading jsonpointer-3.1.1-py3-none-any.whl (7.7 kB)
2026-07-21T13:23:01.385Z,Vritti,Downloading jsonpointer-3.1.1-py3-none-any.whl (7.7 kB)
2026-07-21T13:23:01.400Z,Vritti,Downloading parso-0.8.7-py2.py3-none-any.whl (107 kB)
2026-07-21T13:23:01.400Z,Vritti,Downloading parso-0.8.7-py2.py3-none-any.whl (107 kB)
2026-07-21T13:23:01.408Z,Vritti,━━━━━━━━━━━━━━━━━━━━━━━━━━━━━━━━━━━━━━━━ 107.0/107.0 kB 19.3 MB/s eta 0:00:00
2026-07-21T13:23:01.408Z,Vritti,━━━━━━━━━━━━━━━━━━━━━━━━━━━━━━━━━━━━━━━━ 107.0/107.0 kB 19.3 MB/s eta 0:00:00
2026-07-21T13:23:01.409Z,Vritti,
2026-07-21T13:23:01.409Z,Vritti,
2026-07-21T13:23:01.422Z,Vritti,Downloading rfc3987_syntax-1.1.0-py3-none-any.whl (8.0 kB)
2026-07-21T13:23:01.422Z,Vritti,Downloading rfc3987_syntax-1.1.0-py3-none-any.whl (8.0 kB)
2026-07-21T13:23:01.436Z,Vritti,Downloading soupsieve-2.9-py3-none-any.whl (37 kB)
2026-07-21T13:23:01.436Z,Vritti,Downloading soupsieve-2.9-py3-none-any.whl (37 kB)
2026-07-21T13:23:01.452Z,Vritti,Downloading tinycss2-1.5.1-py3-none-any.whl (28 kB)
2026-07-21T13:23:01.452Z,Vritti,Downloading tinycss2-1.5.1-py3-none-any.whl (28 kB)
2026-07-21T13:23:01.467Z,Vritti,Downloading webcolors-25.10.0-py3-none-any.whl (14 kB)
2026-07-21T13:23:01.467Z,Vritti,Downloading webcolors-25.10.0-py3-none-any.whl (14 kB)
2026-07-21T13:23:01.485Z,Vritti,Downloading webencodings-0.5.1-py2.py3-none-any.whl (11 kB)
2026-07-21T13:23:01.485Z,Vritti,Downloading webencodings-0.5.1-py2.py3-none-any.whl (11 kB)
2026-07-21T13:23:01.501Z,Vritti,Downloading fqdn-1.5.1-py3-none-any.whl (9.1 kB)
2026-07-21T13:23:01.501Z,Vritti,Downloading fqdn-1.5.1-py3-none-any.whl (9.1 kB)
2026-07-21T13:23:01.519Z,Vritti,Downloading isoduration-20.11.0-py3-none-any.whl (11 kB)
2026-07-21T13:23:01.519Z,Vritti,Downloading isoduration-20.11.0-py3-none-any.whl (11 kB)
2026-07-21T13:23:01.536Z,Vritti,Downloading pure_eval-0.2.3-py3-none-any.whl (11 kB)
2026-07-21T13:23:01.536Z,Vritti,Downloading pure_eval-0.2.3-py3-none-any.whl (11 kB)
2026-07-21T13:23:01.551Z,Vritti,Downloading uri_template-1.3.0-py3-none-any.whl (11 kB)
2026-07-21T13:23:01.551Z,Vritti,Downloading uri_template-1.3.0-py3-none-any.whl (11 kB)
2026-07-21T13:23:01.566Z,Vritti,Downloading wcwidth-0.8.2-py3-none-any.whl (323 kB)
2026-07-21T13:23:01.566Z,Vritti,Downloading wcwidth-0.8.2-py3-none-any.whl (323 kB)
2026-07-21T13:23:01.589Z,Vritti,━━━━━━━━━━━━━━━━━━━━━━━━━━━━━━━━━━━━━━━━ 323.2/323.2 kB 16.1 MB/s eta 0:00:00
2026-07-21T13:23:01.589Z,Vritti,
2026-07-21T13:23:01.589Z,Vritti,━━━━━━━━━━━━━━━━━━━━━━━━━━━━━━━━━━━━━━━━ 323.2/323.2 kB 16.1 MB/s eta 0:00:00
2026-07-21T13:23:01.589Z,Vritti,
2026-07-21T13:23:01.604Z,Vritti,Downloading arrow-1.4.0-py3-none-any.whl (68 kB)
2026-07-21T13:23:01.604Z,Vritti,Downloading arrow-1.4.0-py3-none-any.whl (68 kB)
2026-07-21T13:23:01.618Z,Vritti,━━━━━━━━━━━━━━━━━━━━━━━━━━━━━━━━━━━━━━━━ 68.8/68.8 kB 6.6 MB/s eta 0:00:00
2026-07-21T13:23:01.618Z,Vritti,
2026-07-21T13:23:01.618Z,Vritti,━━━━━━━━━━━━━━━━━━━━━━━━━━━━━━━━━━━━━━━━ 68.8/68.8 kB 6.6 MB/s eta 0:00:00
2026-07-21T13:23:01.618Z,Vritti,
2026-07-21T13:23:01.632Z,Vritti,Downloading lark-1.3.1-py3-none-any.whl (113 kB)
2026-07-21T13:23:01.632Z,Vritti,Downloading lark-1.3.1-py3-none-any.whl (113 kB)
2026-07-21T13:23:01.641Z,Vritti,━━━━━━━━━━━━━━━━━━━━━━━━━━━━━━━━━━━━━━━━ 113.2/113.2 kB 17.5 MB/s eta 0:00:00
2026-07-21T13:23:01.641Z,Vritti,━━━━━━━━━━━━━━━━━━━━━━━━━━━━━━━━━━━━━━━━ 113.2/113.2 kB 17.5 MB/s eta 0:00:00
2026-07-21T13:23:01.642Z,Vritti,
2026-07-21T13:23:01.642Z,Vritti,
2026-07-21T13:23:01.656Z,Vritti,Downloading pycparser-3.0-py3-none-any.whl (48 kB)
2026-07-21T13:23:01.656Z,Vritti,Downloading pycparser-3.0-py3-none-any.whl (48 kB)
2026-07-21T13:23:01.660Z,Vritti,━━━━━━━━━━━━━━━━━━━━━━━━━━━━━━━━━━━━━━━━ 48.2/48.2 kB 132.0 MB/s eta 0:00:00
2026-07-21T13:23:01.660Z,Vritti,━━━━━━━━━━━━━━━━━━━━━━━━━━━━━━━━━━━━━━━━ 48.2/48.2 kB 132.0 MB/s eta 0:00:00
2026-07-21T13:23:01.661Z,Vritti,
2026-07-21T13:23:01.661Z,Vritti,
2026-07-21T13:23:07.758Z,Vritti,"Installing collected packages: webencodings, pytz, pure-eval, ptyprocess, nvidia-cusparselt-cu12, mpmath, fastjsonschema, websockets, websocket-client, webcolors, wcwidth, watchdog, uvloop, urllib3, uri-template, ujson, tzdata, typing-extensions, triton, traitlets, tqdm, tornado, toml, tinycss2, threadpoolctl, tenacity, sympy, soupsieve, sniffio, smmap, six, shellingham, send2trash, schedule, safetensors, rpds-py, rfc3986-validator, regex, pyzmq, pyyaml, python-multipart, python-json-logger, python-dotenv, pygments, pyflakes, pycparser, pycodestyle, pyarrow, psycopg2-binary, psutil, protobuf, propcache, prometheus-client, pluggy, platformdirs, pillow, pexpect, pathspec, parso, pandocfilters, packaging, overrides, orjson, nvidia-nvtx-cu12, nvidia-nvjitlink-cu12, nvidia-nccl-cu12, nvidia-curand-cu12, nvidia-cufile-cu12, nvidia-cuda-runtime-cu12, nvidia-cuda-nvrtc-cu12, nvidia-cuda-cupti-cu12, nvidia-cublas-cu12, numpy, networkx, nest-asyncio2, narwhals, mypy-extensions, multidict, mistune, mdurl, mccabe, MarkupSafe, lark, jupyterlab-pygments, jsonpointer, json5, joblib, iniconfig, idna, httptools, hf-xet, h11, greenlet, fsspec, frozenlist, fqdn, filelock, executing, dnspython, defusedxml, decorator, debugpy, comm, click, charset_normalizer, certifi, cachetools, blinker, bleach, babel, attrs, async-timeout, async-lru, asttokens, annotated-types, annotated-doc, yarl, uvicorn, terminado, stack_data, sqlalchemy, scipy, rfc3987-syntax, rfc3339-validator, requests, referencing, python-dateutil, pytest, pydantic-core, prompt_toolkit, plotly, nvidia-cusparse-cu12, nvidia-cufft-cu12, nvidia-cudnn-cu12, nltk, matplotlib-inline, massive, markdown-it-py, jupyter-core, jinja2, jedi, ipython-pygments-lexers, httpcore, gitdb, flake8, email_validator, cffi, black, beautifulsoup4, asyncpg, anyio, aiosignal, watchfiles, vaderSentiment, textblob, starlette, scikit-learn, rich, pytest-asyncio, pydeck, pydantic, pandas, nvidia-cusolver-cu12, newsapi-python, jupyter-server-terminals, jupyter-client, jsonschema-specifications, ipython, huggingface-hub, httpx, gitpython, arrow, argon2-cffi-bindings, aiohttp, typer, torch, tokenizers, rich-toolkit, jsonschema, isoduration, ipykernel, argon2-cffi, transformers, nbformat, fastapi-cli, altair, streamlit, nbclient, jupyter-events, fastapi, nbconvert, jupyter-server, notebook-shim, jupyterlab-server, jupyter-lsp, jupyterlab"
2026-07-21T13:23:07.758Z,Vritti,"Installing collected packages: webencodings, pytz, pure-eval, ptyprocess, nvidia-cusparselt-cu12, mpmath, fastjsonschema, websockets, websocket-client, webcolors, wcwidth, watchdog, uvloop, urllib3, uri-template, ujson, tzdata, typing-extensions, triton, traitlets, tqdm, tornado, toml, tinycss2, threadpoolctl, tenacity, sympy, soupsieve, sniffio, smmap, six, shellingham, send2trash, schedule, safetensors, rpds-py, rfc3986-validator, regex, pyzmq, pyyaml, python-multipart, python-json-logger, python-dotenv, pygments, pyflakes, pycparser, pycodestyle, pyarrow, psycopg2-binary, psutil, protobuf, propcache, prometheus-client, pluggy, platformdirs, pillow, pexpect, pathspec, parso, pandocfilters, packaging, overrides, orjson, nvidia-nvtx-cu12, nvidia-nvjitlink-cu12, nvidia-nccl-cu12, nvidia-curand-cu12, nvidia-cufile-cu12, nvidia-cuda-runtime-cu12, nvidia-cuda-nvrtc-cu12, nvidia-cuda-cupti-cu12, nvidia-cublas-cu12, numpy, networkx, nest-asyncio2, narwhals, mypy-extensions, multidict, mistune, mdurl, mccabe, MarkupSafe, lark, jupyterlab-pygments, jsonpointer, json5, joblib, iniconfig, idna, httptools, hf-xet, h11, greenlet, fsspec, frozenlist, fqdn, filelock, executing, dnspython, defusedxml, decorator, debugpy, comm, click, charset_normalizer, certifi, cachetools, blinker, bleach, babel, attrs, async-timeout, async-lru, asttokens, annotated-types, annotated-doc, yarl, uvicorn, terminado, stack_data, sqlalchemy, scipy, rfc3987-syntax, rfc3339-validator, requests, referencing, python-dateutil, pytest, pydantic-core, prompt_toolkit, plotly, nvidia-cusparse-cu12, nvidia-cufft-cu12, nvidia-cudnn-cu12, nltk, matplotlib-inline, massive, markdown-it-py, jupyter-core, jinja2, jedi, ipython-pygments-lexers, httpcore, gitdb, flake8, email_validator, cffi, black, beautifulsoup4, asyncpg, anyio, aiosignal, watchfiles, vaderSentiment, textblob, starlette, scikit-learn, rich, pytest-asyncio, pydeck, pydantic, pandas, nvidia-cusolver-cu12, newsapi-python, jupyter-server-terminals, jupyter-client, jsonschema-specifications, ipython, huggingface-hub, httpx, gitpython, arrow, argon2-cffi-bindings, aiohttp, typer, torch, tokenizers, rich-toolkit, jsonschema, isoduration, ipykernel, argon2-cffi, transformers, nbformat, fastapi-cli, altair, streamlit, nbclient, jupyter-events, fastapi, nbconvert, jupyter-server, notebook-shim, jupyterlab-server, jupyter-lsp, jupyterlab"
2026-07-21T13:23:27.394Z,Vritti,Attempting uninstall: packaging
2026-07-21T13:23:27.394Z,Vritti,Attempting uninstall: packaging
2026-07-21T13:23:27.399Z,Vritti,Found existing installation: packaging 26.2
2026-07-21T13:23:27.399Z,Vritti,Found existing installation: packaging 26.2
2026-07-21T13:23:27.402Z,Vritti,Uninstalling packaging-26.2:
2026-07-21T13:23:27.402Z,Vritti,Uninstalling packaging-26.2:
2026-07-21T13:23:27.411Z,Vritti,Successfully uninstalled packaging-26.2
2026-07-21T13:23:27.411Z,Vritti,Successfully uninstalled packaging-26.2
2026-07-21T13:25:12.605Z,Vritti,Successfully installed MarkupSafe-3.0.3 aiohttp-3.9.5 aiosignal-1.4.0 altair-5.5.0 annotated-doc-0.0.4 annotated-types-0.7.0 anyio-4.14.2 argon2-cffi-25.1.0 argon2-cffi-bindings-25.1.0 arrow-1.4.0 asttokens-3.0.2 async-lru-2.3.0 async-timeout-5.0.1 asyncpg-0.29.0 attrs-26.1.0 babel-2.18.0 beautifulsoup4-4.15.0 black-24.4.2 bleach-6.4.0 blinker-1.9.0 cachetools-5.5.2 certifi-2026.6.17 cffi-2.1.0 charset_normalizer-3.4.9 click-8.4.2 comm-0.2.3 debugpy-1.8.21 decorator-5.3.1 defusedxml-0.7.1 dnspython-2.8.0 email_validator-2.3.0 executing-2.2.1 fastapi-0.111.0 fastapi-cli-0.0.32 fastjsonschema-2.21.2 filelock-3.32.0 flake8-7.1.0 fqdn-1.5.1 frozenlist-1.8.0 fsspec-2026.6.0 gitdb-4.0.12 gitpython-3.1.53 greenlet-3.5.3 h11-0.16.0 hf-xet-1.5.2 httpcore-1.0.9 httptools-0.8.0 httpx-0.27.0 huggingface-hub-0.36.2 idna-3.18 iniconfig-2.3.0 ipykernel-7.3.0 ipython-9.15.0 ipython-pygments-lexers-1.1.1 isoduration-20.11.0 jedi-0.20.0 jinja2-3.1.6 joblib-1.5.3 json5-0.15.0 jsonpointer-3.1.1 jsonschema-4.26.0 jsonschema-specifications-2025.9.1 jupyter-client-8.9.1 jupyter-core-5.9.1 jupyter-events-0.12.1 jupyter-lsp-2.3.1 jupyter-server-2.20.0 jupyter-server-terminals-0.5.4 jupyterlab-4.2.2 jupyterlab-pygments-0.3.0 jupyterlab-server-2.28.0 lark-1.3.1 markdown-it-py-4.2.0 massive-2.8.0 matplotlib-inline-0.2.2 mccabe-0.7.0 mdurl-0.1.2 mistune-3.3.3 mpmath-1.3.0 multidict-6.7.1 mypy-extensions-1.1.0 narwhals-2.24.0 nbclient-0.11.0 nbconvert-7.17.1 nbformat-5.10.4 nest-asyncio2-1.7.2 networkx-3.6.1 newsapi-python-0.2.7 nltk-3.10.0 notebook-shim-0.2.4 numpy-1.26.4 nvidia-cublas-cu12-12.6.4.1 nvidia-cuda-cupti-cu12-12.6.80 nvidia-cuda-nvrtc-cu12-12.6.77 nvidia-cuda-runtime-cu12-12.6.77 nvidia-cudnn-cu12-9.5.1.17 nvidia-cufft-cu12-11.3.0.4 nvidia-cufile-cu12-1.11.1.6 nvidia-curand-cu12-10.3.7.77 nvidia-cusolver-cu12-11.7.1.2 nvidia-cusparse-cu12-12.5.4.2 nvidia-cusparselt-cu12-0.6.3 nvidia-nccl-cu12-2.26.2 nvidia-nvjitlink-cu12-12.6.85 nvidia-nvtx-cu12-12.6.77 orjson-3.11.9 overrides-7.7.0 packaging-24.2 pandas-2.2.2 pandocfilters-1.5.1 parso-0.8.7 pathspec-1.1.1 pexpect-4.9.0 pillow-10.4.0 platformdirs-4.11.0 plotly-5.22.0 pluggy-1.6.0 prometheus-client-0.25.0 prompt_toolkit-3.0.52 propcache-0.5.2 protobuf-4.25.9 psutil-7.2.2 psycopg2-binary-2.9.9 ptyprocess-0.7.0 pure-eval-0.2.3 pyarrow-25.0.0 pycodestyle-2.12.1 pycparser-3.0 pydantic-2.7.4 pydantic-core-2.18.4 pydeck-0.9.3 pyflakes-3.2.0 pygments-2.20.0 pytest-8.2.2 pytest-asyncio-0.23.7 python-dateutil-2.9.0.post0 python-dotenv-1.0.1 python-json-logger-4.1.0 python-multipart-0.0.32 pytz-2026.2 pyyaml-6.0.3 pyzmq-27.1.0 referencing-0.37.0 regex-2026.7.19 requests-2.34.2 rfc3339-validator-0.1.4 rfc3986-validator-0.1.1 rfc3987-syntax-1.1.0 rich-13.9.4 rich-toolkit-0.20.3 rpds-py-2026.6.3 safetensors-0.8.0 schedule-1.2.2 scikit-learn-1.5.0 scipy-1.13.1 send2trash-2.1.0 shellingham-1.5.4 six-1.17.0 smmap-5.0.3 sniffio-1.3.1 soupsieve-2.9 sqlalchemy-2.0.30 stack_data-0.6.3 starlette-0.37.2 streamlit-1.35.0 sympy-1.14.0 tenacity-8.5.0 terminado-0.18.1 textblob-0.18.0 threadpoolctl-3.6.0 tinycss2-1.5.1 tokenizers-0.19.1 toml-0.10.2 torch-2.7.1 tornado-6.5.7 tqdm-4.69.0 traitlets-5.15.1 transformers-4.41.2 triton-3.3.1 typer-0.27.0 typing-extensions-4.16.0 tzdata-2026.3 ujson-5.13.0 uri-template-1.3.0 urllib3-2.7.0 uvicorn-0.30.1 uvloop-0.22.1 vaderSentiment-3.3.2 watchdog-6.0.0 watchfiles-1.2.0 wcwidth-0.8.2 webcolors-25.10.0 webencodings-0.5.1 websocket-client-1.9.0 websockets-16.1.1 yarl-1.24.5
2026-07-21T13:25:12.605Z,Vritti,Successfully installed MarkupSafe-3.0.3 aiohttp-3.9.5 aiosignal-1.4.0 altair-5.5.0 annotated-doc-0.0.4 annotated-types-0.7.0 anyio-4.14.2 argon2-cffi-25.1.0 argon2-cffi-bindings-25.1.0 arrow-1.4.0 asttokens-3.0.2 async-lru-2.3.0 async-timeout-5.0.1 asyncpg-0.29.0 attrs-26.1.0 babel-2.18.0 beautifulsoup4-4.15.0 black-24.4.2 bleach-6.4.0 blinker-1.9.0 cachetools-5.5.2 certifi-2026.6.17 cffi-2.1.0 charset_normalizer-3.4.9 click-8.4.2 comm-0.2.3 debugpy-1.8.21 decorator-5.3.1 defusedxml-0.7.1 dnspython-2.8.0 email_validator-2.3.0 executing-2.2.1 fastapi-0.111.0 fastapi-cli-0.0.32 fastjsonschema-2.21.2 filelock-3.32.0 flake8-7.1.0 fqdn-1.5.1 frozenlist-1.8.0 fsspec-2026.6.0 gitdb-4.0.12 gitpython-3.1.53 greenlet-3.5.3 h11-0.16.0 hf-xet-1.5.2 httpcore-1.0.9 httptools-0.8.0 httpx-0.27.0 huggingface-hub-0.36.2 idna-3.18 iniconfig-2.3.0 ipykernel-7.3.0 ipython-9.15.0 ipython-pygments-lexers-1.1.1 isoduration-20.11.0 jedi-0.20.0 jinja2-3.1.6 joblib-1.5.3 json5-0.15.0 jsonpointer-3.1.1 jsonschema-4.26.0 jsonschema-specifications-2025.9.1 jupyter-client-8.9.1 jupyter-core-5.9.1 jupyter-events-0.12.1 jupyter-lsp-2.3.1 jupyter-server-2.20.0 jupyter-server-terminals-0.5.4 jupyterlab-4.2.2 jupyterlab-pygments-0.3.0 jupyterlab-server-2.28.0 lark-1.3.1 markdown-it-py-4.2.0 massive-2.8.0 matplotlib-inline-0.2.2 mccabe-0.7.0 mdurl-0.1.2 mistune-3.3.3 mpmath-1.3.0 multidict-6.7.1 mypy-extensions-1.1.0 narwhals-2.24.0 nbclient-0.11.0 nbconvert-7.17.1 nbformat-5.10.4 nest-asyncio2-1.7.2 networkx-3.6.1 newsapi-python-0.2.7 nltk-3.10.0 notebook-shim-0.2.4 numpy-1.26.4 nvidia-cublas-cu12-12.6.4.1 nvidia-cuda-cupti-cu12-12.6.80 nvidia-cuda-nvrtc-cu12-12.6.77 nvidia-cuda-runtime-cu12-12.6.77 nvidia-cudnn-cu12-9.5.1.17 nvidia-cufft-cu12-11.3.0.4 nvidia-cufile-cu12-1.11.1.6 nvidia-curand-cu12-10.3.7.77 nvidia-cusolver-cu12-11.7.1.2 nvidia-cusparse-cu12-12.5.4.2 nvidia-cusparselt-cu12-0.6.3 nvidia-nccl-cu12-2.26.2 nvidia-nvjitlink-cu12-12.6.85 nvidia-nvtx-cu12-12.6.77 orjson-3.11.9 overrides-7.7.0 packaging-24.2 pandas-2.2.2 pandocfilters-1.5.1 parso-0.8.7 pathspec-1.1.1 pexpect-4.9.0 pillow-10.4.0 platformdirs-4.11.0 plotly-5.22.0 pluggy-1.6.0 prometheus-client-0.25.0 prompt_toolkit-3.0.52 propcache-0.5.2 protobuf-4.25.9 psutil-7.2.2 psycopg2-binary-2.9.9 ptyprocess-0.7.0 pure-eval-0.2.3 pyarrow-25.0.0 pycodestyle-2.12.1 pycparser-3.0 pydantic-2.7.4 pydantic-core-2.18.4 pydeck-0.9.3 pyflakes-3.2.0 pygments-2.20.0 pytest-8.2.2 pytest-asyncio-0.23.7 python-dateutil-2.9.0.post0 python-dotenv-1.0.1 python-json-logger-4.1.0 python-multipart-0.0.32 pytz-2026.2 pyyaml-6.0.3 pyzmq-27.1.0 referencing-0.37.0 regex-2026.7.19 requests-2.34.2 rfc3339-validator-0.1.4 rfc3986-validator-0.1.1 rfc3987-syntax-1.1.0 rich-13.9.4 rich-toolkit-0.20.3 rpds-py-2026.6.3 safetensors-0.8.0 schedule-1.2.2 scikit-learn-1.5.0 scipy-1.13.1 send2trash-2.1.0 shellingham-1.5.4 six-1.17.0 smmap-5.0.3 sniffio-1.3.1 soupsieve-2.9 sqlalchemy-2.0.30 stack_data-0.6.3 starlette-0.37.2 streamlit-1.35.0 sympy-1.14.0 tenacity-8.5.0 terminado-0.18.1 textblob-0.18.0 threadpoolctl-3.6.0 tinycss2-1.5.1 tokenizers-0.19.1 toml-0.10.2 torch-2.7.1 tornado-6.5.7 tqdm-4.69.0 traitlets-5.15.1 transformers-4.41.2 triton-3.3.1 typer-0.27.0 typing-extensions-4.16.0 tzdata-2026.3 ujson-5.13.0 uri-template-1.3.0 urllib3-2.7.0 uvicorn-0.30.1 uvloop-0.22.1 vaderSentiment-3.3.2 watchdog-6.0.0 watchfiles-1.2.0 wcwidth-0.8.2 webcolors-25.10.0 webencodings-0.5.1 websocket-client-1.9.0 websockets-16.1.1 yarl-1.24.5
2026-07-21T13:25:12.606Z,Vritti,WARNING: Running pip as the 'root' user can result in broken permissions and conflicting behaviour with the system package manager. It is recommended to use a virtual environment instead: https://pip.pypa.io/warnings/venv
2026-07-21T13:25:12.606Z,Vritti,WARNING: Running pip as the 'root' user can result in broken permissions and conflicting behaviour with the system package manager. It is recommended to use a virtual environment instead: https://pip.pypa.io/warnings/venv
2026-07-21T13:25:12.901Z,Vritti,
2026-07-21T13:25:12.901Z,Vritti,[notice] A new release of pip is available: 24.0 -> 26.1.2
2026-07-21T13:25:12.901Z,Vritti,"[notice] To update, run: pip install --upgrade pip"
2026-07-21T13:25:12.901Z,Vritti,
2026-07-21T13:25:12.901Z,Vritti,[notice] A new release of pip is available: 24.0 -> 26.1.2
2026-07-21T13:25:12.901Z,Vritti,"[notice] To update, run: pip install --upgrade pip"
2026-07-21T13:36:02.971Z,Vritti,[internal] load build definition from Dockerfile
2026-07-21T13:36:02.971Z,Vritti,[internal] load build definition from Dockerfile
2026-07-21T13:36:02.971Z,Vritti,[internal] load build definition from Dockerfile
2026-07-21T13:36:02.974Z,Vritti,[internal] load build definition from Dockerfile
2026-07-21T13:36:02.974Z,Vritti,[internal] load build definition from Dockerfile
2026-07-21T13:36:03.007Z,Vritti,transferring (369 bytes)
2026-07-21T13:36:03.007Z,Vritti,transferring (369 bytes)
2026-07-21T13:36:03.030Z,Vritti,[internal] load metadata for docker.io/library/python:3.11-slim
2026-07-21T13:36:03.030Z,Vritti,[internal] load metadata for docker.io/library/python:3.11-slim
2026-07-21T13:36:08.829Z,Vritti,[internal] load .dockerignore
2026-07-21T13:36:08.829Z,Vritti,[internal] load .dockerignore
2026-07-21T13:36:08.830Z,Vritti,[internal] load .dockerignore
2026-07-21T13:36:08.830Z,Vritti,[internal] load .dockerignore
2026-07-21T13:36:08.830Z,Vritti,[internal] load .dockerignore
2026-07-21T13:36:08.882Z,Vritti,[internal] load build context
2026-07-21T13:36:08.882Z,Vritti,[1/6] FROM docker.io/library/python:3.11-slim@sha256:db3ff2e1800a8581e2c48a27c3995339d47bdf046da21c7627accd3d51053a93
2026-07-21T13:36:08.882Z,Vritti,[internal] load build context
2026-07-21T13:36:08.882Z,Vritti,[internal] load build context
2026-07-21T13:36:08.882Z,Vritti,[1/6] FROM docker.io/library/python:3.11-slim@sha256:db3ff2e1800a8581e2c48a27c3995339d47bdf046da21c7627accd3d51053a93
2026-07-21T13:36:08.882Z,Vritti,[internal] load build context
2026-07-21T13:36:08.905Z,Vritti,transferring (3127 bytes)
2026-07-21T13:36:08.905Z,Vritti,transferring (3127 bytes)
2026-07-21T13:36:08.940Z,Vritti,resolve docker.io/library/python:3.11-slim@sha256:db3ff2e1800a8581e2c48a27c3995339d47bdf046da21c7627accd3d51053a93
2026-07-21T13:36:08.940Z,Vritti,resolve docker.io/library/python:3.11-slim@sha256:db3ff2e1800a8581e2c48a27c3995339d47bdf046da21c7627accd3d51053a93
2026-07-21T13:36:08.942Z,Vritti,[2/6] WORKDIR /app
2026-07-21T13:36:08.942Z,Vritti,[3/6] RUN useradd -m app
2026-07-21T13:36:08.942Z,Vritti,[4/6] COPY requirements.txt ./
2026-07-21T13:36:08.942Z,Vritti,[5/6] RUN pip install --no-cache-dir -r requirements.txt
2026-07-21T13:36:08.942Z,Vritti,[6/6] COPY --chown=app:app src ./src
2026-07-21T13:36:08.942Z,Vritti,[2/6] WORKDIR /app
2026-07-21T13:36:08.942Z,Vritti,[3/6] RUN useradd -m app
2026-07-21T13:36:08.942Z,Vritti,[4/6] COPY requirements.txt ./
2026-07-21T13:36:08.942Z,Vritti,[5/6] RUN pip install --no-cache-dir -r requirements.txt
2026-07-21T13:36:08.942Z,Vritti,[6/6] COPY --chown=app:app src ./src
2026-07-21T13:36:08.949Z,Vritti,exporting to image
2026-07-21T13:36:08.953Z,Vritti,exporting to image
2026-07-21T13:36:08.957Z,Vritti,exporting layers
2026-07-21T13:36:08.958Z,Vritti,exporting layers
2026-07-21T13:36:08.962Z,Vritti,exporting manifest sha256:ab62380af962894c37d3c71588f1c244b94d78285e0f667e4c81c6098b5c9076
2026-07-21T13:36:08.966Z,Vritti,exporting manifest sha256:a8d3f326dea5829081fd69ad397fe1a4115eec0e143c6279c5de9aae6a18b4dd
2026-07-21T13:36:08.970Z,Vritti,exporting config sha256:44be98a750dc07f918a4cba1626ffcdf17ae6b1c255d9e4903b8d21764ce958a
2026-07-21T13:36:08.975Z,Vritti,exporting config sha256:2eb10a5df8f6e160eec5014475bfc55bb84ea8d477150d88240a38b82e54eae9
2026-07-21T13:36:09.087Z,Vritti,exporting attestation manifest sha256:f5adf981fdb4865afcc3f1d2fe03f084330827ff52462dddc5df0e52cab3839b
2026-07-21T13:36:09.094Z,Vritti,exporting attestation manifest sha256:f528769dfab95a0692f4845d211ef8f6b26531a8c270f0b51b4eaa8b1a4917a1
2026-07-21T13:36:09.134Z,Vritti,exporting manifest list sha256:2e8b3782f6359a4fb973422883057eb3be2c33270d58e97e769af446e6e7fdd9
2026-07-21T13:36:09.141Z,Vritti,exporting manifest list sha256:b3a47689402017df3d39efb50ee5a823bdeee56bd43210bf9d663fe41960c14e
2026-07-21T13:36:09.144Z,Vritti,naming to docker.io/library/vritti-scheduler:latest
2026-07-21T13:36:09.147Z,Vritti,naming to docker.io/library/vritti-app:latest
2026-07-21T13:36:09.161Z,Vritti,unpacking to docker.io/library/vritti-scheduler:latest
2026-07-21T13:36:09.166Z,Vritti,unpacking to docker.io/library/vritti-app:latest
2026-07-21T13:46:55.199Z,Vritti,[internal] load build definition from Dockerfile
2026-07-21T13:46:55.199Z,Vritti,[internal] load build definition from Dockerfile
2026-07-21T13:46:55.199Z,Vritti,[internal] load build definition from Dockerfile
2026-07-21T13:46:55.199Z,Vritti,[internal] load build definition from Dockerfile
2026-07-21T13:46:55.235Z,Vritti,transferring (369 bytes)
2026-07-21T13:46:55.235Z,Vritti,transferring (369 bytes)
2026-07-21T13:46:55.250Z,Vritti,[internal] load metadata for docker.io/library/python:3.11-slim
2026-07-21T13:46:55.251Z,Vritti,[internal] load metadata for docker.io/library/python:3.11-slim
2026-07-21T13:46:58.207Z,Vritti,[internal] load .dockerignore
2026-07-21T13:46:58.207Z,Vritti,[internal] load .dockerignore
2026-07-21T13:46:58.207Z,Vritti,[internal] load .dockerignore
2026-07-21T13:46:58.207Z,Vritti,[internal] load .dockerignore
2026-07-21T13:46:58.256Z,Vritti,[1/6] FROM docker.io/library/python:3.11-slim@sha256:db3ff2e1800a8581e2c48a27c3995339d47bdf046da21c7627accd3d51053a93
2026-07-21T13:46:58.256Z,Vritti,[1/6] FROM docker.io/library/python:3.11-slim@sha256:db3ff2e1800a8581e2c48a27c3995339d47bdf046da21c7627accd3d51053a93
2026-07-21T13:46:58.257Z,Vritti,[internal] load build context
2026-07-21T13:46:58.257Z,Vritti,[internal] load build context
2026-07-21T13:46:58.258Z,Vritti,[internal] load build context
2026-07-21T13:46:58.258Z,Vritti,[internal] load build context
2026-07-21T13:46:58.277Z,Vritti,transferring (3127 bytes)
2026-07-21T13:46:58.277Z,Vritti,transferring (3127 bytes)
2026-07-21T13:46:58.316Z,Vritti,resolve docker.io/library/python:3.11-slim@sha256:db3ff2e1800a8581e2c48a27c3995339d47bdf046da21c7627accd3d51053a93
2026-07-21T13:46:58.316Z,Vritti,resolve docker.io/library/python:3.11-slim@sha256:db3ff2e1800a8581e2c48a27c3995339d47bdf046da21c7627accd3d51053a93
2026-07-21T13:46:58.318Z,Vritti,[2/6] WORKDIR /app
2026-07-21T13:46:58.318Z,Vritti,[3/6] RUN useradd -m app
2026-07-21T13:46:58.318Z,Vritti,[4/6] COPY requirements.txt ./
2026-07-21T13:46:58.318Z,Vritti,[5/6] RUN pip install --no-cache-dir -r requirements.txt
2026-07-21T13:46:58.318Z,Vritti,[6/6] COPY --chown=app:app src ./src
2026-07-21T13:46:58.318Z,Vritti,[2/6] WORKDIR /app
2026-07-21T13:46:58.318Z,Vritti,[3/6] RUN useradd -m app
2026-07-21T13:46:58.318Z,Vritti,[4/6] COPY requirements.txt ./
2026-07-21T13:46:58.318Z,Vritti,[5/6] RUN pip install --no-cache-dir -r requirements.txt
2026-07-21T13:46:58.318Z,Vritti,[6/6] COPY --chown=app:app src ./src
2026-07-21T13:46:58.325Z,Vritti,exporting to image
2026-07-21T13:46:58.329Z,Vritti,exporting to image
2026-07-21T13:46:58.333Z,Vritti,exporting layers
2026-07-21T13:46:58.335Z,Vritti,exporting layers
2026-07-21T13:46:58.340Z,Vritti,exporting manifest sha256:ab62380af962894c37d3c71588f1c244b94d78285e0f667e4c81c6098b5c9076
2026-07-21T13:46:58.345Z,Vritti,exporting manifest sha256:a8d3f326dea5829081fd69ad397fe1a4115eec0e143c6279c5de9aae6a18b4dd
2026-07-21T13:46:58.349Z,Vritti,exporting config sha256:44be98a750dc07f918a4cba1626ffcdf17ae6b1c255d9e4903b8d21764ce958a
2026-07-21T13:46:58.353Z,Vritti,exporting config sha256:2eb10a5df8f6e160eec5014475bfc55bb84ea8d477150d88240a38b82e54eae9
2026-07-21T13:46:58.471Z,Vritti,exporting attestation manifest sha256:9c7b1399947a2e4c5e95b2fab7e16478b0a9b9b91e485d408175790f2ed3e1c6
2026-07-21T13:46:58.480Z,Vritti,exporting attestation manifest sha256:9295fcd1fcfdd92b99bb988c45b194e888e20d3f9c72b5ecba0fc363d619ef53
2026-07-21T13:46:58.514Z,Vritti,exporting manifest list sha256:f466793e3d50437a43f60c3c50598b5075f32bd3183b4aa75e81c8419d383421
2026-07-21T13:46:58.524Z,Vritti,exporting manifest list sha256:5c6f168c1131496fa610a33b13d1ea99facd81aec80f5ef1131481ab6e38936a
2026-07-21T13:46:58.527Z,Vritti,naming to docker.io/library/vritti-scheduler:latest
2026-07-21T13:46:58.532Z,Vritti,naming to docker.io/library/vritti-app:latest
2026-07-21T13:46:58.549Z,Vritti,unpacking to docker.io/library/vritti-scheduler:latest
2026-07-21T13:46:58.555Z,Vritti,unpacking to docker.io/library/vritti-app:latest
2026-07-21T13:46:59.888Z,vritti/timescaledb,using nss-wrapper
2026-07-21T13:46:59.924Z,vritti/timescaledb,"The files belonging to this database system will be owned by user ""postgres""."
2026-07-21T13:46:59.924Z,vritti/timescaledb,This user must also own the server process.
2026-07-21T13:46:59.924Z,vritti/timescaledb,
2026-07-21T13:46:59.924Z,vritti/timescaledb,"The database cluster will be initialized with locale ""C.UTF-8""."
2026-07-21T13:46:59.924Z,vritti/timescaledb,"The default database encoding has accordingly been set to ""UTF8""."
2026-07-21T13:46:59.924Z,vritti/timescaledb,"The default text search configuration will be set to ""english""."
2026-07-21T13:46:59.924Z,vritti/timescaledb,
2026-07-21T13:46:59.924Z,vritti/timescaledb,Data page checksums are disabled.
2026-07-21T13:46:59.924Z,vritti/timescaledb,
2026-07-21T13:46:59.925Z,vritti/timescaledb,fixing permissions on existing directory /home/postgres/pgdata/data ... ok
2026-07-21T13:46:59.929Z,vritti/timescaledb,creating subdirectories ... ok
2026-07-21T13:46:59.929Z,vritti/timescaledb,selecting dynamic shared memory implementation ... posix
2026-07-21T13:46:59.952Z,vritti/timescaledb,selecting default max_connections ... 100
2026-07-21T13:46:59.980Z,vritti/timescaledb,selecting default shared_buffers ... 128MB
2026-07-21T13:46:59.992Z,vritti/timescaledb,selecting default time zone ... Etc/UTC
2026-07-21T13:46:59.998Z,vritti/timescaledb,creating configuration files ... ok
2026-07-21T13:47:00.161Z,vritti/timescaledb,running bootstrap script ... ok
2026-07-21T13:47:00.654Z,vritti/timescaledb,performing post-bootstrap initialization ... ok
2026-07-21T13:47:03.845Z,vritti/timescaledb,"initdb: warning: enabling ""trust"" authentication for local connections"
2026-07-21T13:47:03.845Z,vritti/timescaledb,"initdb: hint: You can change this by editing pg_hba.conf or using the option -A, or --auth-local and --auth-host, the next time you run initdb."
2026-07-21T13:47:03.845Z,vritti/timescaledb,syncing data to disk ... ok
2026-07-21T13:47:03.845Z,vritti/timescaledb,
2026-07-21T13:47:03.845Z,vritti/timescaledb,
2026-07-21T13:47:03.845Z,vritti/timescaledb,Success. You can now start the database server using:
2026-07-21T13:47:03.845Z,vritti/timescaledb,
2026-07-21T13:47:03.845Z,vritti/timescaledb,    pg_ctl -D /home/postgres/pgdata/data -l logfile start
2026-07-21T13:47:03.845Z,vritti/timescaledb,
2026-07-21T13:47:03.929Z,vritti/timescaledb,"waiting for server to start....2026-07-21 13:47:03.929 UTC [40] LOG:  starting PostgreSQL 16.14 (Ubuntu 16.14-1.pgdg22.04+1) on x86_64-pc-linux-gnu, compiled by gcc (Ubuntu 11.4.0-1ubuntu1~22.04.3) 11.4.0, 64-bit"
2026-07-21T13:47:03.936Z,vritti/timescaledb,"2026-07-21 13:47:03.935 UTC [40] LOG:  listening on Unix socket ""/var/run/postgresql/.s.PGSQL.5432"""
2026-07-21T13:47:03.954Z,vritti/timescaledb,2026-07-21 13:47:03.952 UTC [43] LOG:  database system was shut down at 2026-07-21 13:47:00 UTC
2026-07-21T13:47:03.967Z,vritti/timescaledb,2026-07-21 13:47:03.966 UTC [40] LOG:  database system is ready to accept connections
2026-07-21T13:47:03.968Z,vritti/timescaledb,2026-07-21 13:47:03.967 UTC [46] LOG:  TimescaleDB background worker launcher connected to shared catalogs
2026-07-21T13:47:03.988Z,vritti/timescaledb, done
2026-07-21T13:47:03.988Z,vritti/timescaledb,server started
2026-07-21T13:47:04.118Z,vritti/timescaledb,CREATE DATABASE
2026-07-21T13:47:04.120Z,vritti/timescaledb,
2026-07-21T13:47:04.120Z,vritti/timescaledb,
2026-07-21T13:47:04.120Z,vritti/timescaledb,/docker-entrypoint.sh: sourcing /docker-entrypoint-initdb.d/000_install_timescaledb.sh
2026-07-21T13:47:04.516Z,vritti/timescaledb,CREATE EXTENSION
2026-07-21T13:47:04.873Z,vritti/timescaledb,"2026-07-21 13:47:04.870 UTC [64] ERROR:  background worker ""TimescaleDB Background Worker Scheduler for database 1"" trying to connect to template database, exiting"
2026-07-21T13:47:04.873Z,vritti/timescaledb,CREATE EXTENSION
2026-07-21T13:47:05.249Z,vritti/timescaledb,CREATE EXTENSION
2026-07-21T13:47:05.250Z,vritti/timescaledb,
2026-07-21T13:47:05.251Z,vritti/timescaledb,/docker-entrypoint.sh: running /docker-entrypoint-initdb.d/001_timescaledb_tune.sh
2026-07-21T13:47:05.274Z,vritti/timescaledb,[37;1mUsing postgresql.conf at this path:
2026-07-21T13:47:05.274Z,vritti/timescaledb,[0m/home/postgres/pgdata/data/postgresql.conf
2026-07-21T13:47:05.274Z,vritti/timescaledb,
2026-07-21T13:47:05.282Z,vritti/timescaledb,[37;1mWriting backup to:
2026-07-21T13:47:05.282Z,vritti/timescaledb,[0m/tmp/timescaledb_tune.backup202607211347
2026-07-21T13:47:05.282Z,vritti/timescaledb,
2026-07-21T13:47:05.282Z,vritti/timescaledb,[37;1mRecommendations based on 7.61 GB of available memory and 2 CPUs for PostgreSQL 16
2026-07-21T13:47:05.282Z,vritti/timescaledb,shared_buffers = 1948MB
2026-07-21T13:47:05.282Z,vritti/timescaledb,effective_cache_size = 5846MB
2026-07-21T13:47:05.282Z,vritti/timescaledb,maintenance_work_mem = 997773kB
2026-07-21T13:47:05.282Z,vritti/timescaledb,work_mem = 31180kB
2026-07-21T13:47:05.282Z,vritti/timescaledb,timescaledb.max_background_workers = 16
2026-07-21T13:47:05.282Z,vritti/timescaledb,max_worker_processes = 21
2026-07-21T13:47:05.282Z,vritti/timescaledb,max_parallel_workers_per_gather = 1
2026-07-21T13:47:05.282Z,vritti/timescaledb,max_parallel_workers = 2
2026-07-21T13:47:05.282Z,vritti/timescaledb,wal_buffers = 16MB
2026-07-21T13:47:05.282Z,vritti/timescaledb,min_wal_size = 512MB
2026-07-21T13:47:05.282Z,vritti/timescaledb,default_statistics_target = 100
2026-07-21T13:47:05.282Z,vritti/timescaledb,random_page_cost = 1.1
2026-07-21T13:47:05.282Z,vritti/timescaledb,checkpoint_completion_target = 0.9
2026-07-21T13:47:05.282Z,vritti/timescaledb,max_locks_per_transaction = 128
2026-07-21T13:47:05.282Z,vritti/timescaledb,autovacuum_max_workers = 10
2026-07-21T13:47:05.282Z,vritti/timescaledb,autovacuum_naptime = 10
2026-07-21T13:47:05.282Z,vritti/timescaledb,default_toast_compression = lz4
2026-07-21T13:47:05.282Z,vritti/timescaledb,jit = off
2026-07-21T13:47:05.282Z,vritti/timescaledb,effective_io_concurrency = 256
2026-07-21T13:47:05.282Z,vritti/timescaledb,timescaledb.last_tuned = '2026-07-21T13:47:05Z'
2026-07-21T13:47:05.282Z,vritti/timescaledb,timescaledb.last_tuned_version = '0.19.0'
2026-07-21T13:47:05.282Z,vritti/timescaledb,[0m[37;1mSaving changes to: /home/postgres/pgdata/data/postgresql.conf
2026-07-21T13:47:05.282Z,vritti/timescaledb,[0m[37;1mRestart PostgreSQL to apply the modified configuration
2026-07-21T13:47:05.285Z,vritti/timescaledb,
2026-07-21T13:47:05.285Z,vritti/timescaledb,/docker-entrypoint.sh: running /docker-entrypoint-initdb.d/010_install_timescaledb_toolkit.sh
2026-07-21T13:47:05.463Z,vritti/timescaledb,CREATE EXTENSION
2026-07-21T13:47:05.655Z,vritti/timescaledb,CREATE EXTENSION
2026-07-21T13:47:05.865Z,vritti/timescaledb,CREATE EXTENSION
2026-07-21T13:47:05.867Z,vritti/timescaledb,
2026-07-21T13:47:05.868Z,vritti/timescaledb,/docker-entrypoint.sh: running /docker-entrypoint-initdb.d/init.sql
2026-07-21T13:47:05.902Z,vritti/timescaledb,"[0mpsql:/docker-entrypoint-initdb.d/init.sql:18: NOTICE:  extension ""timescaledb"" already exists, skipping"
2026-07-21T13:47:05.904Z,vritti/timescaledb,CREATE EXTENSION
2026-07-21T13:47:05.938Z,vritti/timescaledb,CREATE TABLE
2026-07-21T13:47:05.955Z,vritti/timescaledb,CREATE TABLE
2026-07-21T13:47:05.975Z,vritti/timescaledb,CREATE TABLE
2026-07-21T13:47:05.991Z,vritti/timescaledb, create_hypertable 
2026-07-21T13:47:05.991Z,vritti/timescaledb,"'-------------------"
2026-07-21T13:47:05.991Z,vritti/timescaledb," (1,t)"
2026-07-21T13:47:05.991Z,vritti/timescaledb,(1 row)
2026-07-21T13:47:05.991Z,vritti/timescaledb,
2026-07-21T13:47:05.997Z,vritti/timescaledb, create_hypertable 
2026-07-21T13:47:05.997Z,vritti/timescaledb,"'-------------------"
2026-07-21T13:47:05.997Z,vritti/timescaledb," (2,t)"
2026-07-21T13:47:05.997Z,vritti/timescaledb,(1 row)
2026-07-21T13:47:05.997Z,vritti/timescaledb,
2026-07-21T13:47:06.006Z,vritti/timescaledb, create_hypertable 
2026-07-21T13:47:06.006Z,vritti/timescaledb,"'-------------------"
2026-07-21T13:47:06.006Z,vritti/timescaledb," (3,t)"
2026-07-21T13:47:06.006Z,vritti/timescaledb,(1 row)
2026-07-21T13:47:06.006Z,vritti/timescaledb,
2026-07-21T13:47:06.016Z,vritti/timescaledb,CREATE INDEX
2026-07-21T13:47:06.025Z,vritti/timescaledb,CREATE INDEX
2026-07-21T13:47:06.032Z,vritti/timescaledb,CREATE INDEX
2026-07-21T13:47:06.039Z,vritti/timescaledb,CREATE INDEX
2026-07-21T13:47:06.046Z,vritti/timescaledb,CREATE INDEX
2026-07-21T13:47:06.051Z,vritti/timescaledb,
2026-07-21T13:47:06.055Z,vritti/timescaledb,
2026-07-21T13:47:06.059Z,vritti/timescaledb,waiting for server to shut down...2026-07-21 13:47:06.059 UTC [40] LOG:  received fast shutdown request
2026-07-21T13:47:06.065Z,vritti/timescaledb,.2026-07-21 13:47:06.065 UTC [40] LOG:  aborting any active transactions
2026-07-21T13:47:06.066Z,vritti/timescaledb,"2026-07-21 13:47:06.066 UTC [75] FATAL:  terminating background worker ""TimescaleDB Background Worker Scheduler"" due to administrator command"
2026-07-21T13:47:06.071Z,vritti/timescaledb,"2026-07-21 13:47:06.066 UTC [58] FATAL:  terminating background worker ""TimescaleDB Background Worker Scheduler"" due to administrator command"
2026-07-21T13:47:06.076Z,vritti/timescaledb,"2026-07-21 13:47:06.076 UTC [40] LOG:  background worker ""TimescaleDB Background Worker Scheduler"" (PID 75) exited with exit code 1"
2026-07-21T13:47:06.076Z,vritti/timescaledb,"2026-07-21 13:47:06.076 UTC [46] FATAL:  terminating background worker ""TimescaleDB Background Worker Launcher"" due to administrator command"
2026-07-21T13:47:06.079Z,vritti/timescaledb,"2026-07-21 13:47:06.079 UTC [40] LOG:  background worker ""TimescaleDB Background Worker Scheduler"" (PID 58) exited with exit code 1"
2026-07-21T13:47:06.080Z,vritti/timescaledb,"2026-07-21 13:47:06.080 UTC [40] LOG:  background worker ""logical replication launcher"" (PID 47) exited with exit code 1"
2026-07-21T13:47:06.084Z,vritti/timescaledb,"2026-07-21 13:47:06.084 UTC [40] LOG:  background worker ""TimescaleDB Background Worker Launcher"" (PID 46) exited with exit code 1"
2026-07-21T13:47:06.086Z,vritti/timescaledb,2026-07-21 13:47:06.086 UTC [41] LOG:  shutting down
2026-07-21T13:47:06.091Z,vritti/timescaledb,2026-07-21 13:47:06.091 UTC [41] LOG:  checkpoint starting: shutdown immediate
2026-07-21T13:47:07.820Z,vritti/timescaledb,".2026-07-21 13:47:07.820 UTC [41] LOG:  checkpoint complete: wrote 2247 buffers (13.7%); 0 WAL file(s) added, 0 removed, 1 recycled; write=0.039 s, sync=1.667 s, total=1.735 s; sync files=775, longest=0.017 s, average=0.003 s; distance=16190 kB, estimate=16190 kB; lsn=0/24B7488, redo lsn=0/24B7488"
2026-07-21T13:47:07.829Z,vritti/timescaledb,2026-07-21 13:47:07.829 UTC [40] LOG:  database system is shut down
2026-07-21T13:47:07.869Z,vritti/timescaledb, done
2026-07-21T13:47:07.869Z,vritti/timescaledb,server stopped
2026-07-21T13:47:07.871Z,vritti/timescaledb,
2026-07-21T13:47:07.871Z,vritti/timescaledb,PostgreSQL init process complete; ready for start up.
2026-07-21T13:47:07.871Z,vritti/timescaledb,
2026-07-21T13:47:07.939Z,vritti/timescaledb,"2026-07-21 13:47:07.939 UTC [1] LOG:  starting PostgreSQL 16.14 (Ubuntu 16.14-1.pgdg22.04+1) on x86_64-pc-linux-gnu, compiled by gcc (Ubuntu 11.4.0-1ubuntu1~22.04.3) 11.4.0, 64-bit"
2026-07-21T13:47:07.939Z,vritti/timescaledb,"2026-07-21 13:47:07.939 UTC [1] LOG:  listening on IPv4 address ""0.0.0.0"", port 5432"
2026-07-21T13:47:07.939Z,vritti/timescaledb,"2026-07-21 13:47:07.939 UTC [1] LOG:  listening on IPv6 address ""::"", port 5432"
2026-07-21T13:47:07.946Z,vritti/timescaledb,"2026-07-21 13:47:07.946 UTC [1] LOG:  listening on Unix socket ""/var/run/postgresql/.s.PGSQL.5432"""
2026-07-21T13:47:07.958Z,vritti/timescaledb,2026-07-21 13:47:07.958 UTC [106] LOG:  database system was shut down at 2026-07-21 13:47:07 UTC
2026-07-21T13:47:07.981Z,vritti/timescaledb,2026-07-21 13:47:07.981 UTC [1] LOG:  database system is ready to accept connections
2026-07-21T13:47:07.983Z,vritti/timescaledb,2026-07-21 13:47:07.983 UTC [109] LOG:  TimescaleDB background worker launcher connected to shared catalogs
2026-07-21T13:52:08.027Z,vritti/timescaledb,2026-07-21 13:52:08.027 UTC [104] LOG:  checkpoint starting: time
2026-07-21T13:52:29.602Z,Vritti,[internal] load build definition from Dockerfile
2026-07-21T13:52:29.602Z,Vritti,[internal] load build definition from Dockerfile
2026-07-21T13:52:29.602Z,Vritti,[internal] load build definition from Dockerfile
2026-07-21T13:52:29.602Z,Vritti,[internal] load build definition from Dockerfile
2026-07-21T13:52:29.602Z,Vritti,[internal] load build definition from Dockerfile
2026-07-21T13:52:29.626Z,Vritti,transferring (369 bytes)
2026-07-21T13:52:29.626Z,Vritti,transferring (369 bytes)
2026-07-21T13:52:29.646Z,Vritti,[internal] load metadata for docker.io/library/python:3.11-slim
2026-07-21T13:52:29.648Z,Vritti,[internal] load metadata for docker.io/library/python:3.11-slim
2026-07-21T13:52:32.176Z,Vritti,[internal] load .dockerignore
2026-07-21T13:52:32.176Z,Vritti,[internal] load .dockerignore
2026-07-21T13:52:32.176Z,Vritti,[internal] load .dockerignore
2026-07-21T13:52:32.176Z,Vritti,[internal] load .dockerignore
2026-07-21T13:52:32.215Z,Vritti,[1/6] FROM docker.io/library/python:3.11-slim@sha256:db3ff2e1800a8581e2c48a27c3995339d47bdf046da21c7627accd3d51053a93
2026-07-21T13:52:32.215Z,Vritti,[internal] load build context
2026-07-21T13:52:32.215Z,Vritti,[internal] load build context
2026-07-21T13:52:32.215Z,Vritti,[1/6] FROM docker.io/library/python:3.11-slim@sha256:db3ff2e1800a8581e2c48a27c3995339d47bdf046da21c7627accd3d51053a93
2026-07-21T13:52:32.215Z,Vritti,[1/6] FROM docker.io/library/python:3.11-slim@sha256:db3ff2e1800a8581e2c48a27c3995339d47bdf046da21c7627accd3d51053a93
2026-07-21T13:52:32.215Z,Vritti,[internal] load build context
2026-07-21T13:52:32.215Z,Vritti,[internal] load build context
2026-07-21T13:52:32.215Z,Vritti,[internal] load build context
2026-07-21T13:52:32.251Z,Vritti,transferring (14120 bytes)
2026-07-21T13:52:32.251Z,Vritti,transferring (14120 bytes)
2026-07-21T13:52:32.283Z,Vritti,resolve docker.io/library/python:3.11-slim@sha256:db3ff2e1800a8581e2c48a27c3995339d47bdf046da21c7627accd3d51053a93
2026-07-21T13:52:32.283Z,Vritti,resolve docker.io/library/python:3.11-slim@sha256:db3ff2e1800a8581e2c48a27c3995339d47bdf046da21c7627accd3d51053a93
2026-07-21T13:52:32.297Z,Vritti,[2/6] WORKDIR /app
2026-07-21T13:52:32.297Z,Vritti,[3/6] RUN useradd -m app
2026-07-21T13:52:32.297Z,Vritti,[4/6] COPY requirements.txt ./
2026-07-21T13:52:32.297Z,Vritti,[5/6] RUN pip install --no-cache-dir -r requirements.txt
2026-07-21T13:52:32.297Z,Vritti,[2/6] WORKDIR /app
2026-07-21T13:52:32.297Z,Vritti,[3/6] RUN useradd -m app
2026-07-21T13:52:32.297Z,Vritti,[4/6] COPY requirements.txt ./
2026-07-21T13:52:32.297Z,Vritti,[5/6] RUN pip install --no-cache-dir -r requirements.txt
2026-07-21T13:52:32.298Z,Vritti,[6/6] COPY --chown=app:app src ./src
2026-07-21T13:52:32.298Z,Vritti,[6/6] COPY --chown=app:app src ./src
2026-07-21T13:52:32.429Z,Vritti,exporting to image
2026-07-21T13:52:32.439Z,Vritti,exporting to image
2026-07-21T13:52:32.625Z,Vritti,exporting layers
2026-07-21T13:52:32.627Z,Vritti,exporting layers
2026-07-21T13:52:32.672Z,Vritti,exporting manifest sha256:5ff195f6c02d643a80f99cabd4a0a7ec7ebd52d1567c0d4f0ce08a90dd207549
2026-07-21T13:52:32.684Z,Vritti,exporting manifest sha256:b2bbbfdeb4b8c2ab7767c849fc46e8f71feaa5d8c2b53fed3c8d0e079a4f12e7
2026-07-21T13:52:32.716Z,Vritti,exporting config sha256:84aa85b66ea131ced69b3d031a72c9a99dfce1d6c9aa0fd91e770ca692316b97
2026-07-21T13:52:32.729Z,Vritti,exporting config sha256:ed92b29ac5f49b5b42aebce9bed33767a17e85f84723f5c757ab2704b0e48e3d
2026-07-21T13:52:32.883Z,Vritti,exporting attestation manifest sha256:49f9707faf1791fa369d3631d8c04d4d3bb6d1e51bc809761c60ac4615956d40
2026-07-21T13:52:32.896Z,Vritti,exporting attestation manifest sha256:f7dd133c31f26e83a5380c31f12caebaf4f83a9769a8022933cd386127296eb8
2026-07-21T13:52:32.939Z,Vritti,exporting manifest list sha256:5d231b90351f189a7d0ff286b5b2a0501a0fe89427bcf38871166238fd5c9cba
2026-07-21T13:52:32.949Z,Vritti,exporting manifest list sha256:7bac5ec75e0bc043ea72c65db23574d40c53803787a48f7cb849d5dff9e92f66
2026-07-21T13:52:32.954Z,Vritti,naming to docker.io/library/vritti-scheduler:latest
2026-07-21T13:52:32.961Z,Vritti,naming to docker.io/library/vritti-app:latest
2026-07-21T13:52:33.132Z,Vritti,unpacking to docker.io/library/vritti-scheduler:latest
2026-07-21T13:52:33.142Z,Vritti,unpacking to docker.io/library/vritti-app:latest
2026-07-21T13:53:09.628Z,vritti/timescaledb,"2026-07-21 13:53:09.628 UTC [104] LOG:  checkpoint complete: wrote 613 buffers (0.2%); 0 WAL file(s) added, 0 removed, 0 recycled; write=61.321 s, sync=0.256 s, total=61.602 s; sync files=160, longest=0.005 s, average=0.002 s; distance=5964 kB, estimate=5964 kB; lsn=0/2A8A6D0, redo lsn=0/2A8A698"
2026-07-21T13:55:20.052Z,Vritti,[internal] load build definition from Dockerfile
2026-07-21T13:55:20.052Z,Vritti,[internal] load build definition from Dockerfile
2026-07-21T13:55:20.053Z,Vritti,[internal] load build definition from Dockerfile
2026-07-21T13:55:20.053Z,Vritti,[internal] load build definition from Dockerfile
2026-07-21T13:55:20.053Z,Vritti,[internal] load build definition from Dockerfile
2026-07-21T13:55:20.082Z,Vritti,transferring (369 bytes)
2026-07-21T13:55:20.082Z,Vritti,transferring (369 bytes)
2026-07-21T13:55:20.107Z,Vritti,[internal] load metadata for docker.io/library/python:3.11-slim
2026-07-21T13:55:20.108Z,Vritti,[internal] load metadata for docker.io/library/python:3.11-slim
2026-07-21T13:55:21.915Z,Vritti,[internal] load .dockerignore
2026-07-21T13:55:21.915Z,Vritti,[internal] load .dockerignore
2026-07-21T13:55:21.916Z,Vritti,[internal] load .dockerignore
2026-07-21T13:55:21.916Z,Vritti,[internal] load .dockerignore
2026-07-21T13:55:21.997Z,Vritti,[1/6] FROM docker.io/library/python:3.11-slim@sha256:db3ff2e1800a8581e2c48a27c3995339d47bdf046da21c7627accd3d51053a93
2026-07-21T13:55:21.997Z,Vritti,[1/6] FROM docker.io/library/python:3.11-slim@sha256:db3ff2e1800a8581e2c48a27c3995339d47bdf046da21c7627accd3d51053a93
2026-07-21T13:55:21.997Z,Vritti,[1/6] FROM docker.io/library/python:3.11-slim@sha256:db3ff2e1800a8581e2c48a27c3995339d47bdf046da21c7627accd3d51053a93
2026-07-21T13:55:21.998Z,Vritti,[internal] load build context
2026-07-21T13:55:21.998Z,Vritti,[internal] load build context
2026-07-21T13:55:21.998Z,Vritti,[internal] load build context
2026-07-21T13:55:21.998Z,Vritti,[internal] load build context
2026-07-21T13:55:21.998Z,Vritti,[internal] load build context
2026-07-21T13:55:22.053Z,Vritti,transferring (14112 bytes)
2026-07-21T13:55:22.053Z,Vritti,transferring (14112 bytes)
2026-07-21T13:55:22.090Z,Vritti,[2/6] WORKDIR /app
2026-07-21T13:55:22.090Z,Vritti,[3/6] RUN useradd -m app
2026-07-21T13:55:22.090Z,Vritti,[4/6] COPY requirements.txt ./
2026-07-21T13:55:22.090Z,Vritti,[5/6] RUN pip install --no-cache-dir -r requirements.txt
2026-07-21T13:55:22.090Z,Vritti,[6/6] COPY --chown=app:app src ./src
2026-07-21T13:55:22.090Z,Vritti,resolve docker.io/library/python:3.11-slim@sha256:db3ff2e1800a8581e2c48a27c3995339d47bdf046da21c7627accd3d51053a93
2026-07-21T13:55:22.090Z,Vritti,[2/6] WORKDIR /app
2026-07-21T13:55:22.090Z,Vritti,[3/6] RUN useradd -m app
2026-07-21T13:55:22.090Z,Vritti,[4/6] COPY requirements.txt ./
2026-07-21T13:55:22.090Z,Vritti,[5/6] RUN pip install --no-cache-dir -r requirements.txt
2026-07-21T13:55:22.090Z,Vritti,[6/6] COPY --chown=app:app src ./src
2026-07-21T13:55:22.090Z,Vritti,resolve docker.io/library/python:3.11-slim@sha256:db3ff2e1800a8581e2c48a27c3995339d47bdf046da21c7627accd3d51053a93
2026-07-21T13:55:22.172Z,Vritti,exporting to image
2026-07-21T13:55:22.179Z,Vritti,exporting to image
2026-07-21T13:55:22.371Z,Vritti,exporting layers
2026-07-21T13:55:22.372Z,Vritti,exporting layers
2026-07-21T13:55:22.411Z,Vritti,exporting manifest sha256:7ed2cf1ce498e3ef663d0d4681c5c7a7e955027830fdeb0eaf49d102d05da4c7
2026-07-21T13:55:22.430Z,Vritti,exporting manifest sha256:75f21c0c8eb424cceaae3039d8b8ffab596d9c020b53cc34cbb267d5b70d86ce
2026-07-21T13:55:22.488Z,Vritti,exporting config sha256:57c65113a864bd8228b7b6d780aa0555a81479302598666594626ddebcf2c750
2026-07-21T13:55:22.510Z,Vritti,exporting config sha256:e68bb3855b61cbaeb9e257d166cc96160c5751d9cc6289bcf280b210c7d34a7b
2026-07-21T13:55:22.640Z,Vritti,exporting attestation manifest sha256:d784205f8d2ca33dc08e67da467cf165255a527521c5e3e5c36f4c1f9d03f043
2026-07-21T13:55:22.651Z,Vritti,exporting attestation manifest sha256:849888d18505606ddbfeddb00bb975e93f41e3f360bc5e7ceb506b6848a0f7e0
2026-07-21T13:55:22.700Z,Vritti,exporting manifest list sha256:b98af6998bb3f2105e4b4eba56e113ef30a2288a320a6cb8f0a8a761dc9579d5
2026-07-21T13:55:22.714Z,Vritti,exporting manifest list sha256:6a5a7a0d589d3a2ccd735b8dcac124cf67d566d7663d5aaa0405b272bd70fc33
2026-07-21T13:55:22.719Z,Vritti,naming to docker.io/library/vritti-scheduler:latest
2026-07-21T13:55:22.731Z,Vritti,naming to docker.io/library/vritti-app:latest
2026-07-21T13:55:22.848Z,Vritti,unpacking to docker.io/library/vritti-scheduler:latest
2026-07-21T13:55:22.852Z,Vritti,unpacking to docker.io/library/vritti-app:latest
2026-07-21T13:59:25.245Z,Vritti,[internal] load build definition from Dockerfile
2026-07-21T13:59:25.245Z,Vritti,[internal] load build definition from Dockerfile
2026-07-21T13:59:25.245Z,Vritti,[internal] load build definition from Dockerfile
2026-07-21T13:59:25.245Z,Vritti,[internal] load build definition from Dockerfile
2026-07-21T13:59:25.268Z,Vritti,transferring (369 bytes)
2026-07-21T13:59:25.268Z,Vritti,transferring (369 bytes)
2026-07-21T13:59:25.286Z,Vritti,[internal] load metadata for docker.io/library/python:3.11-slim
2026-07-21T13:59:25.287Z,Vritti,[internal] load metadata for docker.io/library/python:3.11-slim
2026-07-21T13:59:27.882Z,Vritti,[internal] load .dockerignore
2026-07-21T13:59:27.882Z,Vritti,[internal] load .dockerignore
2026-07-21T13:59:27.882Z,Vritti,[internal] load .dockerignore
2026-07-21T13:59:27.882Z,Vritti,[internal] load .dockerignore
2026-07-21T13:59:27.941Z,Vritti,[1/6] FROM docker.io/library/python:3.11-slim@sha256:db3ff2e1800a8581e2c48a27c3995339d47bdf046da21c7627accd3d51053a93
2026-07-21T13:59:27.941Z,Vritti,[1/6] FROM docker.io/library/python:3.11-slim@sha256:db3ff2e1800a8581e2c48a27c3995339d47bdf046da21c7627accd3d51053a93
2026-07-21T13:59:27.941Z,Vritti,[1/6] FROM docker.io/library/python:3.11-slim@sha256:db3ff2e1800a8581e2c48a27c3995339d47bdf046da21c7627accd3d51053a93
2026-07-21T13:59:27.942Z,Vritti,[internal] load build context
2026-07-21T13:59:27.942Z,Vritti,[internal] load build context
2026-07-21T13:59:27.942Z,Vritti,[internal] load build context
2026-07-21T13:59:27.942Z,Vritti,[internal] load build context
2026-07-21T13:59:27.942Z,Vritti,[internal] load build context
2026-07-21T13:59:27.963Z,Vritti,transferring (17732 bytes)
2026-07-21T13:59:27.963Z,Vritti,transferring (17732 bytes)
2026-07-21T13:59:28.002Z,Vritti,resolve docker.io/library/python:3.11-slim@sha256:db3ff2e1800a8581e2c48a27c3995339d47bdf046da21c7627accd3d51053a93
2026-07-21T13:59:28.002Z,Vritti,resolve docker.io/library/python:3.11-slim@sha256:db3ff2e1800a8581e2c48a27c3995339d47bdf046da21c7627accd3d51053a93
2026-07-21T13:59:28.003Z,Vritti,[2/6] WORKDIR /app
2026-07-21T13:59:28.003Z,Vritti,[3/6] RUN useradd -m app
2026-07-21T13:59:28.003Z,Vritti,[4/6] COPY requirements.txt ./
2026-07-21T13:59:28.003Z,Vritti,[5/6] RUN pip install --no-cache-dir -r requirements.txt
2026-07-21T13:59:28.003Z,Vritti,[6/6] COPY --chown=app:app src ./src
2026-07-21T13:59:28.003Z,Vritti,[2/6] WORKDIR /app
2026-07-21T13:59:28.003Z,Vritti,[3/6] RUN useradd -m app
2026-07-21T13:59:28.003Z,Vritti,[4/6] COPY requirements.txt ./
2026-07-21T13:59:28.003Z,Vritti,[5/6] RUN pip install --no-cache-dir -r requirements.txt
2026-07-21T13:59:28.003Z,Vritti,[6/6] COPY --chown=app:app src ./src
2026-07-21T13:59:28.076Z,Vritti,exporting to image
2026-07-21T13:59:28.079Z,Vritti,exporting to image
2026-07-21T13:59:28.205Z,Vritti,exporting layers
2026-07-21T13:59:28.207Z,Vritti,exporting layers
2026-07-21T13:59:28.249Z,Vritti,exporting manifest sha256:d90b12b13bb71e01bf7f10542f00be8503acbe05df690c190bed450962706d4d
2026-07-21T13:59:28.259Z,Vritti,exporting manifest sha256:d2f257bf882c818db6e994c8c6bb2aecd97dca000a2fc3aa43a1d403e42d4748
2026-07-21T13:59:28.294Z,Vritti,exporting config sha256:e6b1a0d5d587a4b3c9b31bb2d70d23882cd552218432e4fbad2e75d3571e340e
2026-07-21T13:59:28.306Z,Vritti,exporting config sha256:5cef769c19cc5c73e6492bd82ffdfe08a1034014b91087508f7efbcddf0885d4
2026-07-21T13:59:28.425Z,Vritti,exporting attestation manifest sha256:9ccc04976ea21e75eb47c3a8709126683795e7ad1e086f90bd5499f701119dd5
2026-07-21T13:59:28.433Z,Vritti,exporting attestation manifest sha256:bf4652c9a68eafdcd6c73abc2e024c0c5e95d48d82e07bddd201826309c0fdfa
2026-07-21T13:59:28.467Z,Vritti,exporting manifest list sha256:5f91b2d6a4b12059b81d86002e45b0347a436e2b3c9db237eb503c821c5315dd
2026-07-21T13:59:28.474Z,Vritti,exporting manifest list sha256:6219ccc97473cf582433f5a957f7d666e27c70a9e63b45c7778ecb3acf8f958f
2026-07-21T13:59:28.479Z,Vritti,naming to docker.io/library/vritti-app:latest
2026-07-21T13:59:28.482Z,Vritti,naming to docker.io/library/vritti-scheduler:latest
2026-07-21T13:59:28.606Z,Vritti,unpacking to docker.io/library/vritti-app:latest
2026-07-21T13:59:28.614Z,Vritti,unpacking to docker.io/library/vritti-scheduler:latest
2026-07-21T13:59:30.571Z,vritti/timescaledb,2026-07-21 13:59:30.569 UTC [1305] LOG:  could not receive data from client: Connection reset by peer
2026-07-21T13:59:32.825Z,vritti/app,INFO:     Started server process [1]
2026-07-21T13:59:32.825Z,vritti/app,INFO:     Waiting for application startup.
2026-07-21T13:59:33.123Z,vritti/app,INFO:src.api.main:Database Pool Initiated Successfully
2026-07-21T13:59:33.123Z,vritti/app,INFO:     Application startup complete.
2026-07-21T13:59:33.124Z,vritti/app,INFO:     Uvicorn running on http://0.0.0.0:8000 (Press CTRL+C to quit)
2026-07-21T13:59:36.325Z,vritti/scheduler,"2026-07-21 13:59:36,324 [INFO] FinBERT is loading..."
2026-07-21T13:59:42.646Z,vritti/app,"INFO:     172.18.0.1:38914 - ""GET /signals/all HTTP/1.1"" 200 OK"
2026-07-21T13:59:43.753Z,vritti/app,"INFO:     172.18.0.1:38914 - ""GET /signals/all HTTP/1.1"" 200 OK"
2026-07-21T13:59:43.758Z,vritti/app,"INFO:     172.18.0.1:38914 - ""GET /signals/all HTTP/1.1"" 200 OK"
2026-07-21T13:59:43.769Z,vritti/app,"INFO:     172.18.0.1:38914 - ""GET /signals/all HTTP/1.1"" 200 OK"
2026-07-21T13:59:43.774Z,vritti/app,"INFO:     172.18.0.1:38914 - ""GET /signals/all HTTP/1.1"" 200 OK"
2026-07-21T14:00:14.346Z,vritti/app,"INFO:     172.18.0.1:50632 - ""GET /signals/all HTTP/1.1"" 200 OK"
2026-07-21T14:00:44.324Z,vritti/app,"INFO:     172.18.0.1:56598 - ""GET /signals/all HTTP/1.1"" 200 OK"
2026-07-21T14:00:44.334Z,vritti/app,"INFO:     172.18.0.1:56598 - ""GET /signals/all HTTP/1.1"" 200 OK"
2026-07-21T14:01:08.044Z,vritti/scheduler,"2026-07-21 14:01:08,043 [INFO] Starting Price Polling Loop..."
2026-07-21T14:01:10.027Z,vritti/scheduler,"2026-07-21 14:01:10,024 [INFO] Starting News Polling Loop..."
2026-07-21T14:01:11.161Z,vritti/scheduler,"2026-07-21 14:01:11,160 [ERROR] {'status': 'error', 'code': 'rateLimited', 'message': 'You have made too many requests recently. Developer accounts are limited to 100 requests over a 24 hour period (50 requests available every 12 hours). Please upgrade to a paid plan if you need more requests.'}"
2026-07-21T14:01:11.164Z,vritti/scheduler,"2026-07-21 14:01:11,163 [WARNING] NewsAPI rate limit reached. Skipping remaining tickers for this cycle."
2026-07-21T14:01:14.339Z,vritti/app,"INFO:     172.18.0.1:49806 - ""GET /signals/all HTTP/1.1"" 200 OK"
2026-07-21T14:01:44.335Z,vritti/app,"INFO:     172.18.0.1:34528 - ""GET /signals/all HTTP/1.1"" 200 OK"
2026-07-21T14:01:44.340Z,vritti/app,"INFO:     172.18.0.1:34528 - ""GET /signals/all HTTP/1.1"" 200 OK"
2026-07-21T14:02:14.334Z,vritti/app,"INFO:     172.18.0.1:35174 - ""GET /signals/all HTTP/1.1"" 200 OK"
2026-07-21T14:02:44.336Z,vritti/app,"INFO:     172.18.0.1:51086 - ""GET /signals/all HTTP/1.1"" 200 OK"
2026-07-21T14:02:44.341Z,vritti/app,"INFO:     172.18.0.1:51086 - ""GET /signals/all HTTP/1.1"" 200 OK"